comment,evaluation
不错，老师讲的很好,good
不点名每节课都有作业不过是最后一起交的那种。最后要做一个应用，使用Matlab解决本专业的问题，这个没点本事还真搞不出来,bad
额其实有点照本宣科，有点小枯燥，但老师非常认真,medium
期末大作业很简单，就是照抄一个程序，老师讲的很认真，不过不认真听也没事，90+,good
期末要交大作业与日常作业,bad
建议旁听不建议选，没有基础跟不上。评分两次考勤，一次作业，一次期末论文,medium
给分可以，老师讲课照本宣科···,medium
老师很好,medium
没有基础且没有想学好的心的同学建议不要选，Matlab倒是非常适合学习下,medium
老师给分有点差,bad
老师有点意思，课上人比较多，夏天有点热。和计算机有关。不难。,medium
讲的还是挺实用的，能学到很多东西，最后是论文方式，还要提交一份作品,medium
确实不错，最后交论文，选交作品。我做了一个十来秒的动画。最后91分,good
最后有个论文和大作业，几个老师一起开的课，给分也不错,good
比较浅显，平时轻松，期末简单,good
期末有一篇论文，然后剪辑视频或者p图选做，给分还行,medium
期末论文加一个作品，很简单。学过一点ps或者pr的可以去拿高分，论文乱写的，交了一个3分多钟的混剪，神奇90+了,medium
有时点名，给分还行，期末一篇论文，作品自由选择交或者不交，85+，感觉一般,medium
教的东西都是关于多媒体的，很实用，不点名，交作业和论文，给分很好,good
期末论文和自选作业，从不点名，课上会教干货，给分非常好，强推！,good
微助教答题签到，每节课都签到，还会设陷阱防止有人隔空答题，但是老师上课很用心，是门好课,good
每节课都有小测，但是相比水课而言比较有内容，学到了很多。而且没有作业，一切问题课上解决。强烈推荐。,good
没有点名，有平时作业。最后交一篇小论文。课程内容挺有意思，老师讲的挺充实。,good
根本不点名！！！！老师人也很好，期末会有一个论文如果想水完全好水，，均分八十几分,medium
老师讲的很好，平时有小作业，期末论文一篇，就是高分不多,good
每次作业都写了，最后85，我觉得给分不好,medium
每次作业都写90+,medium
作业，三次作业，期末作业...给分85+,medium
论文，给分一般，讲的还行,medium
不知道为什么分这么低。。,medium
平时四次作业但只要交三次（都交分会高一点吧），期末交与本专业相关的一篇论文，感觉还可以。,medium
考核是一篇论文，给分一般，会有好几次小作业。,medium
老师蛮能侃，经常放视频，比较轻松，最后开卷。但是不知道为啥最后只得了83。。。,good
后半节课看科普片。考试开卷。,medium
老师挺能吹的，蛮有意思，最后开卷，很简单，松松90+,good
不错，老师讲的很好,good
不点名每节课都有作业不过是最后一起交的那种。最后要做一个应用，使用Matlab解决本专业的问题，这个没点本事还真搞不出来,bad
额其实有点照本宣科，有点小枯燥，但老师非常认真,medium
期末大作业很简单，就是照抄一个程序，老师讲的很认真，不过不认真听也没事，90+,good
期末要交大作业与日常作业,bad
建议旁听不建议选，没有基础跟不上。评分两次考勤，一次作业，一次期末论文,medium
给分可以，老师讲课照本宣科···,medium
老师很好,medium
没有基础且没有想学好的心的同学建议不要选，Matlab倒是非常适合学习下,medium
老师给分有点差,bad
前年选的，期末是论文,good
老师特别幽默特别幽默特别幽默！！！课堂绝对有趣！点三次名，没有作业，期末交一篇论文。只要认真对待，纯文科生也能上90.。能学到很多关于信息技术的实在知识。,good
讲课都是干货，期末交论文，挂科难，但是高分也挺难,good
有两次点名，不提前通知。期末交一篇论文,medium
中间会有几次签到作为平时成绩。老师讲的内容也大多是光纤方面的简单介绍，可能会听不太懂。期末交论文，拿了90+，，冷门但是分高,medium
有点难听懂，老师讲课还是不错的,medium
给分良心,good
老师讲课很不错，考核就是期末一篇论文，从不点名，好行就是给分不是很高,good
一篇论文,medium
一篇论文，基本所有人都90+,medium
期末一篇论文，轻松90+，平时无压力,medium
期末一篇论文，讲的超级好！,good
从不点名，期末交论文90+，超良心,medium
论文，给分好,bad
从不点名，知识面比较广，不太好懂,medium
完全不点名，就是内容有点难懂，一篇论文，给分很好,medium
一篇论文，90+,good
完全不点名！课上涉及知识还是有点艰涩的。。。结课是交一篇论文，据说这门课90%+的人能拿到90+（包括我）（虽然不想承认但这的确是门水课hhh）,good
老师蛮能侃，经常放视频，比较轻松，最后开卷。但是不知道为啥最后只得了83。。。,good
后半节课看科普片。考试开卷。,medium
老师挺能吹的，蛮有意思，最后开卷，很简单，松松90+,good
期末论文，给分还行，总之我被卡绩了，认识的四个朋友都卡绩了……,medium
论文，不过题目很宽泛，拿高分难,medium
考核比较麻烦，但给分很好,medium
老师讲得很好。期末自选presentation，老师夸我讲得很好，让他非常激动，然后期末论文给了79分。。。可能是老师带的研究生判的期末论文吧。。。,good
老师讲得挺投入的，平时没有点名，期末交一篇论文，最后一节课有展示（选做），做了加分,medium
小组展示（选做）+论文，不会点名，给分还行,medium
老师很好玩，讲课非常有激情，没有平时作业，期末是一次小组展示+论文，没有展示只有论文也可以，给分90+,good
期末论文，无平时作业,good
还行，,good
日常听老师吹水...,medium
事实上没听过课，还翘过一次貌似？最后交论文，评分标准不是特别懂，但是给分还可以吧,medium
很不错,good
经常点名，老师说话声音有点小，考核是一次小组展示、一次比较简单的论文，给分很好,medium
就是期末讲一个PPT我觉得海星,medium
课程感觉有点枯燥，，，最后一次小组展示，然后一篇论文，给分高,medium
很好,medium
偶尔点名，内容轻松，一份课堂展示，期末一份论文，给分高！,good
平时没有作业，一次课堂小组展示，一次论文,medium
感觉到各行如隔山，，但是小组展示认真准备给分很高,medium
老师人好，给分也好！,medium
小组展示做得好的话，期末90+没问题！老师给分很好！,good
老师超好，期末论文认真点,bad
给分很迷。,bad
给分还可以，内容就一般般吧,medium
两篇论文，两次点名，但是完全不知道怎么打分的，认认真真写论文，只给了81，迷，慎选,bad
中期和期末各有两篇论文,medium
授课还好，给分很迷,medium
给分好，很棒,medium
是一门水学分的课…老师毫无热情，照ppt念。最后给分90+。考试开卷很简单，照着电脑上ppt抄。无点名，感觉只需要去最后一节课和考试就行了。,bad
给分高,medium
给分好,medium
平时不点名，最后考试很简单,medium
上课一般，考试无法说明平时的认真程度。整体给分可以，但是近似于随机分布，无法通过努力拿高分的样子。,medium
给分好，事情少,medium
中间会有课堂随堂测验，都很简单，只是当作点名的方式，期末开卷考试，都是ppt上的内容，只是最后卡绩了，无奈。。。,medium
好,good
中间有一次课堂题目代替点名，节课开卷考试,medium
几乎每节课都要交心理测试结果，和点名差不多~,good
老师特别温柔，给分好。会有几次小组任务当做签到。期末一篇自选题材的文章，要求写关于自己的内容，3000字左右。,good
老师好温柔，声音好听,good
老师很温柔，上课形式多样。学会了正念，上课还会通过画画来分析人格等等。期末一篇论文，写‘’我‘’,good
我很喜欢的美女老师，给分很棒,good
老师很用心，上课也比较有趣。期末是论文，不能网上找，自己写的分数很高。,medium
老师很温柔，期末自我分析。,medium
超棒的一门课，喜欢心理类的不能错过！,good
考核就是一些小作业很简单的，老师人特别好，课程有趣~,good
老师人挺好的，内容准备也充分，但是不是我想听到的心理学知识或者心理健康知识。很多东西没什么价值，到处都能看到。想学内容的不建议选。，期末小论文写自述，给分很高。,medium
给分还不错。,bad
水课必选。从不点名，但是上课其实也还行。期末一千字小论文。给分很好。,medium
这个老师讲课非常无聊，打着讲视觉艺术的名号介绍风水，对西方艺术有极大偏见，期末考试是要赏析他自己的画，还鼓励学生靠把赏析他画作的文章放到网站上来加分，总之就是不要选！！！,bad
水～,medium
粁论文,good
不点名，上课还好，考试论文无压力，给分很好,medium
会讲各种美的东西，很有趣,good
不点名，期末交论文，给分90+,medium
论文考核，上课就欣赏电影以及瓷器？？电影有意思的。平均给分较高，但我的不高,medium
其实是基础美术审美欣赏课，看了很多电影，其实讲得还可以，最后作业，轻松90+,medium
呜呜呜好可爱的老师，给分很好，偶尔点名,good
用小问题当点名测试，一次展示，最后闭卷，给分还可以90+,medium
推荐，老师讲的很有趣，学到了不少传统文化知识。期末闭关考试。,good
给分85+吧，三次简单的课堂小测变相点名。还有一次小组展示，比较有趣。课堂内容偶有纰漏，感觉并不是非常专业。,medium
一次分组pre，两次随堂测验（突击），期末闭卷,medium
给分差，随堂问题当点名，期末闭卷,bad
老师很认真，会经常请同学或者学长来分享，期末闭卷考,good
老师非常敬业，最后闭卷，稍作准备，认真作答就可以得高分！～,good
吴老师非常非常用心，课程内容非常有用。会请同学们分享，分享内容也非常好，有趣又有用。平时会有偶尔点名。最后闭卷考试，最后一节课划重点，背一下很简单就可以答得很好。十分推荐！,good
坑,bad
上课还行就是卡绩,medium
老师上课讲话的语速是真的快，小组展示和期末论文，不是很难,medium
老师讲课很有意思,good
会有一次分小组案例展示，三四次点名，期末一篇论文,medium
考核要做小组展示加上结课论文，老师讲课语速很快，思维很灵活，讲的很清楚，特别是最后讲道德论的部分解释得很清楚，点名很勤,good
老师语速很快》。。,bad
大概有一半时间是要点名的，而且很恶心的是第三节课才点。有小组作业中期PPT展示，结课考试开卷,medium
好像不怎么点名，我基本没怎么去。最后交两篇论文，论文的要求不低，要求介绍画家或者某幅/某类作品，资料不怎么好找。我论文花了不少时间写，最后90分,good
老师人很好，讲课很有意思，偶尔点名但占比很小，最后两篇3000字论文，认真对待给分不会少,good
emmmm，最后考核有两篇论文，难度还是比较大的，不过考虑到分数还OK，老师也不care考勤的话，还是可以的吧,medium
考核是两篇论文（中国作家、外国作家）无点名，论文有点要求，要认真写。老师人很好，用的表情包很诡异,medium
有两到三次签到，一篇任意体裁的文章结课，老师讲得很不错跟着听听能学到东西的,bad
三十分平时分，其中二十基础分，之后来一次加一分，加满十分为止，不来不扣分，另外七十是考试分，考试就两张纸，两道题，而且都是二选一，主要是论述，允许带手机，带书，不允许讨论。然后老师语速很快，方言味很浓。只认真听了一节课，接着之后所有的课都放弃了，最后80。没有点名，除了签到，没有提问，完全可以做自己的事。,medium
能学到不少东西，老师人挺好的，上机会每节课留作业，上交到网站，当周没做完也可以下周前交,medium
老师很好，有问题尽管问她。然后作业有的挺难的,medium
不点名，老师人很好，但这门课需要下功夫，给分还不错,medium
啊。。。基本就是。。。交作业最后考个试。。。网上会公布，所以其实不去只要考了试也没事,medium
讲的很好，给分高~,good
我觉得这个课超级棒，采用多个教师授课，每个老师都有自己的风格。考核以论文的方式进行，九十加不是问题,medium
老师人很好，讲课一般，不点名，有平时作业，期末为答题+设计程序，给分90+,medium
送分课,medium
节假日点名，两到三次课有一次上机作业，还是能学到一点东西的。期末开卷考试，90,medium
节假日前的课点名，平时有作业，最后考试，讲真这个靠自学，,bad
老师讲的很好，如果对这方面感兴趣的同学可以考虑选这门课！中间有一次展示，争取做上去讲的人我觉得最后给分会很好。平时不点名，结课是对自己一周的饮食做一个记录并按照上课内容做一个相应的反馈报告~,good
课堂有几次签到，一次小组展示，一次记录自己一周饮食并改善的计划。还不错,medium
老师人很好，点到要求严格，有一次插花，一次pre和实践，给分还不错,good
给分超级好,bad
课堂展示、小组活动、插花比赛、期末论文较多，任务较为繁重，但是老师比较温柔，课程内容也比较有趣。,medium
考核比较简单，期末论文,good
就上课常常放一个外国人的视频,medium
给分很好，会有比较多事情,good
逢课必点名，但是给分不错,medium
会点名，有小组作业，但是给分比较好,medium
挺好的,good
老师很温柔，有插花比赛和实地调研，挺有意思的，给分好,medium
老师讲的很好，只是会每节课点名，考试开卷，给你一星期自己写一份卷子，给分还好,medium
卡绩,medium
老师讲课很有意思，给分也很好,good
考核提前一周发试题，自己带回去做，签到的话会有四次纸质表格签到，一次十分，但是很多人找代签,medium
自己不努力，分数贼低，怪自己，老师上课画的图和在黑板上写的东西好好记，最后开卷考试用得到,bad
每节课签到，期末布置几道题自己回去写,medium
不要漏签，血的教训,medium
最后交期末试卷，老师会提前发题目，,medium
有四次签到，少一次扣10分，期末开卷，卷子拿回去写，老师倒是很有激情,medium
给分不错,medium
讲的很有意思，随机点名，期末论文一定要自己写，给分很好,good
给分超好，课也很好,good
一次小组展示，期末论文,good
随机点名，期末交论文,medium
几次点名，期末论文,good
好,medium
给分真的很好，但是讲的可能一般,good
小组展示，论文，给分好,medium
三次随机点名，期末论文，最后90+,medium
老师太认真了,medium
讲课还不错，考试是平时小测取3次最高，最后有一篇论文，形式不一定,good
每堂课结束之后有小测，形式不一，整个学期下来大概是取最高3次考试成绩的平均成绩，意味着至少要参加3次考试才行。最后还要做一个问卷调查并写报告，不难，比写论文简单很多。稍微认真一点90+,medium
平时会有随堂作业，比如当面背书之类的，都还比较简单，最后交一篇论文或者考试，老师讲的还行，给分看平时随堂作业和最后的论文或者考试~,medium
难以形容。。。,bad
挺好的老师的文学素养很高,good
没有考试，调查报告,medium
平时会布置课堂作业，没有签到，考核是写读书报告。说好的只要认真写就不会给低分，结果还是给了个60+.不打算每节课都去的同学慎选,medium
上课完成课堂作业，，，算是点名吧，，，。课堂时有趣时无聊，，最后有一个调查报告写，给分很好,medium
考核方式是平时作业，结课论文。但是老师讲课特别棒，强力推荐。只要课堂上布置的作业完成了给分就不低。并且不是每堂课都有作业。我翘了两三次课不过作业都完成了，还得了90。,good
。。讲得其实蛮好。。就是作业多。。给分也一般般，很少90的。。,medium
期末考试还是很有难度的。,medium
5次点名，一次10分,bad
老师人很好，但是还是要有韩语基础或者热爱韩语想要学习韩语的去学吧,good
大学最喜欢的一门选修课，老师讲课很有意思，平时偶尔点名，点名一次十分，期末考试闭卷，不算难，要么认真学要么抱大腿。95分,good
老师讲课很有意思，会讲一些她在韩国的见闻。但期末考试有难度。然后有安排和韩国留学生交流。,good
无压力，5次签到占50分，期末50分,good
老师人很好，给分也很好,good
喜欢韩语的人，推荐上；没兴趣的话很痛苦,good
一共五次点名，期末闭卷考试。老师讲的很好，但是东西要复习，不复习都忘了，我现在都不记得元音辅音怎么念了,good
讲的很好，期末出了好多选择题，就是我对韩语不开窍~~有助攻90+,medium
平常讲课不点名，期末有论文2个小作业1个，给分有点迷,good
上课内容还挺实用，期末卷子带回去做，但是给分很谜,medium
最后给几道题拿回去写作为期末大作业，难度不大，上课差不多听过一些就可以,medium
97分,good
最后有给课后完成的大作业，包括找一些视频和一些选择题，难度不大，用处很大。不点名，如花老师超可爱,medium
期末有份作业，给分有点低,medium
最后试卷带回去做，参考课上学习的知识，不懂为什么最后给分略低，可能没回答到点上。,bad
平时不点名，黄老师讲课很好，课如其名，后面另一个老师就讲得一般了。最后考核是做试卷，题目有一小部分慕课内容以及课程应用，给分90+,good
期末就是带卷子回去做，还是挺简单的,medium
黄老师讲得很好，后面图书馆员就有点水了。最后是做试卷，题目关于检索和课程内容，给分佳。,medium
平时无点名，期末用上课讲的东西搜索一些她给的任务.不难，给分90+,medium
期末闭卷考试，但是其实到最后大家都在用手机，给分还行吧,good
感觉还好,medium
666,medium
会以回答问题的方式变相点名一次，上课就是讲些案例,medium
平时交作业当考勤，期末开卷,good
老师讲的生动有趣，，不难，，期末开卷考试，，90+很多,good
只上了三次课，每一节当堂一点小作业当点名，给分好,good
不点名，最后开卷考试，记几个上课讲过的内容就可以了，给分很高,good
讲得还可以，会放很多视频举很多案例，然后当堂写感想或者案例分析，最后有一个调查报告，其实就是一份很长的问卷，但需要认真完成,medium
老师讲的课很有趣，能够拓展思路。一共三周的课，注意周一和周三晚上都有课。考试开卷，而且会提前告诉考试题目。上课偶尔有课堂小作业，算点名吧。,good
偶尔交张纸，期末当堂带资料写论文就完事,medium
交论文，有随堂作业，点过一次名，给分还行,good
手写论文，随堂作业，给分还行,medium
那么多人的课居然点过一次名，有课堂作业，最后交一篇论文，,bad
隔周小作业，，我没逃过课，考试去按要求写论文，提前准备，给分85，,medium
有随堂小作业，期末论文提前给题,medium
考试基本会随堂考试，不点名，后期提前两周布置论文题目，感觉照着PPT编一编就过了，90+还行,medium
上课不点名，但是有的时候下课前有小作业，主要是上课讲过的内容。期末写一篇论文，会提前告知题目，然后当堂写。,medium
随堂有几次作业，最后考核是最后一节课当堂写论文，会提前说明题目让准备材料。,medium
给分太好了，期末一篇论文，感恩的心,good
期末论文，不点名。可以学到东西。不听课期末85+,good
有两三次点名，最后一篇论文，给分不错但课有点无聊,medium
给分不错，第三周点名，最后交论文,medium
老师挺好,medium
老师给分挺一般，不过没有考试，交篇论文就OK，平时上课还挺有意思（虽然听得不多）,medium
论文结课，老师给分很不错~,medium
老师讲的蛮有意思，偶尔还是点名的，期末写论文，要求不高，轻松90+,good
期末交论文，我是77,medium
基本没点到期末论文，，上课内容不是我感兴趣的话题，给分超级棒,medium
开卷考试，题目比较多,medium
课程还不错，期末开卷，给分好,medium
三次签到一次课堂答题，最好每节课都去，完成慕课,good
点过几次名，最后一堂课用微助教做题，课下要做慕课,medium
还不错，基本上网上作业，网上点名，网上考试，最后很轻松了~,medium
给分很好，不需要写论文，有几次课上作业，期末只是线上考试。,medium
上课会用雨课堂答题和点名，逃不掉的。,medium
老师给分挺好的！,medium
偶尔签到，论文结课，给分高,medium
偶尔点点，期末论文，水,medium
水课,medium
老师讲得挺好，94分，上课随堂作业，听课的话就是刚刚讲完的，贼简单,good
考核是论文，非常强调创新，如果不是真的喜欢建议不要选,medium
3次签到，可以学东西，高分就算了,good
有用的课，但是我有点害怕（讳疾忌医）,medium
运气好的话，老师只是让你写paper，但是我们当时是考试,good
结课交3千字论文，上课前半个小时和最后半小时静坐冥想按摩,good
老师人很好，给分也很好,medium
好,medium
老师很好，给分不错，事情有点多,medium
我上的时候挺好的，偶尔点名，考核一篇小论文或者背黄帝内经的一两篇吧。不过我朋友今年上是助教给讲的课，最后好像挺难熬的,good
给分很好,medium
考核方式：1、写心得，手写；2、小组讨论+课外阅读；3、背《黄帝内经》（好像是第一/二篇）三选一即可上课老师会教一些养生知识，还会教一点基础的太极动作，最后有次课是吃老师自己做的全麦面包以及和茶，最后分数90+,good
接受不了老师讲的一些伪科学，如果不是看在老师给冯的情况下早就撤课了！老师人还是不错的，教的内容就不敢恭维了。不建议大家选这个课，当然，想混个学费就选咯，我反正后悔花这100大洋了,medium
老师人超好～,good
不点名，给分高，两次作业都是选择题发老师邮箱，期末交论文,medium
老师上课很有意思，课程压力不大，期末考核是一篇和水有关的论文，给分很好~,good
不点名，期末论文，90+,medium
课程性质本身决定的这门课比较无聊，奈何老师人好，不点名，期末论文，轻松90+,medium
不点名，给分高，两次作业，期末交一篇论文，,bad
不点名，给分高，有两次作业，期末交论文，老师人还很好,medium
课其实很好玩，但是老师不点名以至于没什么人去...最后一篇论文自由选题，90+,medium
作业和一篇与专业有关的论文,medium
非常棒，两次作业+论文,medium
不点名，几次作业，网上可以搜到答案，期末论文，给分90+,medium
给分好，上课轻松,good
有一次随堂测，看视频答题，去迟了还是比较影响成绩的。期末开卷，只要提前熟悉PPT就基本没问题。,good
老师很有意思～有一次作业，期末开卷，给分好,good
给分好,medium
给分好，90+,medium
没有任何压力，考试开卷带电脑，最后没交小作业也有90+，考勤可能是最后一节课或者某个放假之前,medium
额额额我是倒霉吧，考勤满的，开卷也没太差，最后79？？？？？,medium
期末有个小考试，交一篇论文可以加分，殿民真的毫无压力，老师讲的也很好,good
开卷考试，比较容易，平时最好发言认真听讲,medium
给分高！,medium
。。不想说话,bad
老师很好,medium
考试很简单，提前一周发试卷，答案在ppt中基本都能找到,medium
给分一般，期末交报告,bad
点名点五次还是三次来着,good
点名比较多，期末考试，卷子提前发，但是我的最终成绩不怎么样,medium
偶尔点名，考试提前发卷子,medium
点名比较多，老师讲课也比较偏专业化,good
考试直接给题回去查，老师人特别好，有四次考勤我三次没到都得了87。。。,medium
期末试卷带回去做，给分高,medium
课程安排能在一定程度上了解自己，幸运的话能认识不错的朋友,good
不知道为什么我和另一个人的给分都很糟糕。我几乎每节课都发言。,medium
每节课都有小组讨论，最后给分也不错，平时课堂内容也很有用,medium
好课，给分高，有趣,good
小组讨论，组员互评形式给平时分，最后交论文，给分很好，课堂也比较有趣,good
很好的课，有小组活动，给分很好,good
上课轻松，给分高,good
小组合作，每节课写一两句话小心得，几乎都在玩游戏，游戏中面对不同情况，进行反思,good
给分很高,good
挺好的，给分高，期末论文,good
老师很好吧，给分也很好，然后实践当然能熟悉一下单反，大一大二选选玩玩挺好的。唯一缺点是讲课内容繁多时会有一些无聊。,medium
给分很好,good
讲了一些摄影原理和技巧，有三次实习作业，最后发了一份试卷回去写。个人摄影基础不怎么样，但完成作业很认真，95+,good
非常好的课，实践很多,good
信部的同学上课超方便，上课的内容好无聊啊，我试图认真听了……实习三次，很有趣的，但是算在上课的课时之外，有时间的同学选就是了，万一呢，我也是最后一刻选上的,good
上课我没听(个人原因)_(:з」∠)_实习很好玩！给分很给力！,medium
最后一次课堂授课的时候会点名。不过虽然我没赶上也有90+就是了……老师讲课的时候很有激情，前（大约7周）讲课，后面4-5周实习，每次实习都有小作业。不过实习除了最后一次个人认为基本可以不去……,medium
很有意思的课，中间有摄影实习还可以进暗房自己洗照片，考核就是每次交的摄影照片，给分很高基本90+,good
最强推的选修课。有意思，能学到东西，给分好。除上课外会有拍照实习，每次交相关照片。会安排一次洗照片，特别好玩。最后交作业+做一个ppt发给老师。90+,good
给分高，还可以学到很多知识,good
老师讲的挺好的，一学期就点了一次名，刚好没去，期末手写论文。85+,medium
期末交一篇跟课程没啥关系的论文，然后一学期中途有一次签到，没去的话分数会低一些,medium
上课大半时间胡扯，点了两次名，一次没到80+,bad
老师上课吹水时间占了绝大部分时间，我是觉得挺无聊的，但是给分很高，期末是写一篇几千字的论文,medium
老师很好，最后手写一个几千字的作业,good
上课超好玩（跟课程题无关～喵开玩笑的、上了就知道，大概是生动示范了史为今鉴，不过我还是挺爱听老师瞎扯的，以及好奇历史学院的老师都这么逗吗），不过老师有那么一点点爱拖课（嗯不止一点点）、寝室有点远（比如信部）妹子一个人回去还是有点害怕的，最后找个人一起上（我几次都是跑回去的～喵）给分取决于点名（他貌似、都是凭感觉点名的、或者感觉大概是一些大家容易翘课的时候比如放长假前夕点名，我这学期的人品惨到所有翘的课都碰上点名了，嗯hhhh，毫无余地的80+），尽管觉得自己期末的手写论文诚恳而中二,good
三次点名，期末一篇论文，只要上课都到给分很高，我95+,medium
老师讲课非常有趣，听听很受益...不过这样真的不会被查水表吗……会点名，而且千万别被抓到没去，不然分数会比较低了。结课一篇作文，自己写，很容易90+吧，看到99的时候灰常激动呀,good
论文结课没有考试很容易高分,medium
有几次作业，有点难度，期末考试,medium
讲课内容很丰富，学过才会有受益匪浅的感觉。不是水课，上课老师会叫人回答问题；节节手工签到，期末会有关于授课内容的选择填空简答计算的开卷考试…认真一些稳过吧，93,good
每节课签到，考试开卷但是还是要弄懂，难度不会很大但也不是特别容易就水过去,medium
签到可以代签，考试开卷，有几次作业，难度中上,good
认真听课就行，开卷,medium
期末考试，上课签到，开卷，挺简单的，略微枯燥,medium
会有几次小作业，期末开卷考试，好好听课做作业90+应该没问题,medium
666,medium
课余时间不是很充裕的建议不要选,medium
期中一篇读书笔记，期末一篇论文，给分一般，没上90,medium
没有点名，期末交论文或者读后感,medium
一篇读书笔记+读书笔记or论文，给分好，90+,medium
老师特别好，给分也不错,good
老师很有文人风骨，脾气超好不点名，中间交一篇读书笔记，最后期末一篇文体不限，字数要求不是很高，认真写给分就很好。虽然没怎么认真听过课，但炒鸡喜欢老师了~,medium
一篇读书笔记，一篇文体不限，给分还可以。老师超级负责,good
89分实名哭泣,good
两篇读书笔记，给分不错，从不查勤。,good
两篇读书笔记，给分还行,medium
老师讲课很棒，没有点过名，考核是一篇论文没有考试，给分超级好！,good
下课要花些时间弄懂老师讲的，要好好写作业。,medium
标准有点迷，讲课的详略安排不是很理想，有些东西需要课后慢慢弄明白,medium
不是特别感兴趣的真的不建议选,bad
讲的有乐理，没基础挺费劲，最后做两段音频，给分有点迷,medium
首先还是要表达一下对老师的感谢。上课非常有意思，互动性强，如果认真做笔记的话可以学到很多会讲SONAR和Cubase这两个软件，感觉Cubase很有用，但SONAR可以用overture来代替对乐理基础的要求并不高（即使啥也不懂，也只需要把五线谱的高音谱号和低音谱号都给认熟练就行），但笔记极其重要（还会讲三和弦之类的）但有意思是一方面，另一方面，不建议用这门课来水学分，因为即使你平时把这门课当成专业课来学习，来重视，也并不能保证你期末能满绩（没错，给分细则不详，也许你把它当成数分那么重要来学也只能得80多分）（89成功卡绩的路过）,good
非常不推荐，讲课进度太快，没有基础的话基本跟不上，最后还要交自己写的音乐，给分也不好，坑爹啊！！,bad
期末做一个短的音乐，但给分一般，,medium
讲的是非常基础的乐理知识，及Sonar和Cubase的简单使用，考核需要交一首midi格式的音乐和一首自己用软件做的音乐，有一定的难度，认真做了也只有88分,medium
除非有巨大到做梦都在搞电子音乐的兴趣，否则不建议选择,bad
有音乐基础的话可以学到一点简单的Cubase和sonar的应用，老师讲课稍微有点拖，不过人还挺好的,medium
老师讲的挺有趣的，只有一次点名，期末2人一组合作写创业报告书，给分好,good
上课好玩,good
老师讲的东西很实际，推荐有创业想法的各位，最后的大作业有点大，做好了的话90+,medium
一次小组合作项目PPT讲演，上课很轻松。,medium
老师讲课很有意思，还有企业家来讲课，给分也好，事也少。,good
很好很好的老师，讲课超棒，给分也好,good
有3次纸条签到，期末写个创业计划书。,medium
老师人比较有趣,medium
对创业感兴趣的话个人觉得可以去多请教一下老师,medium
有一次点名交纸条，最后一次课是小组讨论且轮流发言，期末作业是一篇两页的策划，给分挺好,good
听得挺累…一次不到扣十分…,bad
闭卷，必须记笔记,medium
经常点名签到，期末作业多，给分低,medium
不点名，期末带卷子回去写。老师讲的非常好，也超级温柔，能有一些收获，给分中规中矩吧。,good
期末带卷子回去写，分数一般,medium
平时没怎么去，也从不点名，期末提前给题目，写完规定时间上交就行，给分还可以,medium
没点到，期末回去做题,good
和想象的差距很大，很失望。老师没有讲很多有关审美的角度和思考，全程就在刻奇与自我感动，例子也是千篇一律。据我统计，例子发条橙讲了8次，千年女优6次，勇敢的心，西西里的美丽传说也讲了很多次，每次都差不多，泛泛而谈，毫无营养。凑学分可以，给分不错，想学知识慎选。,bad
特别棒的老师，终身受益,good
大概我没达到老师的那种审美层次，脑子里记得的大概就是“这就是美”“这就是爱”“向死而生”这么几句，老师是物理的本科，哲学的博士，简直厉害到不行,medium
老师人好又温柔，考核开卷,medium
人好又温柔，分高没作业,good
老师讲的很详细，适合入门。,medium
三次作业，给分高,good
这门课还是比较适合初入编程的小白的，我是软件工程的，做起来难度一般，有三次作业，还是能学到不少东西的,good
三次作业，不认真听课的话还是有点困难，最好要有点基础吧。认真听课还是会有基础的,medium
三次大作业，最后做一个记事本，能学到东西,good
没点过名，有三个小作业，最后一个占比最大，三个小作业做好就可以了（自己去找老师给的程序中的问题，就可以很轻松上90）,medium
几次作业，别的课忙的话还是要花点时间,good
三次大作业,medium
都还挺好，问题是最后三次作业感觉做的可以了，为啥没到90呢……,medium
交三次编程作业，一次比一次难，有基础会简单点，没基础上课好好听吧,medium
很好，值得选,good
比较坑，比较坑，比较坑，，，,bad
本以为给分很好，没想到……算了不说了都是泪，怪我自己没好好学习,bad
就期末作品，给分没到九十,bad
就是平常两次作业和期末作业~内容不多,medium
不点名。中间有一次作业。期末第10周就会布置，6月底截止。不过没有QQ群，比较麻烦。90分,medium
老师人不错，但是教的东西对于文科生来说有点难以理解，不过还好，认真跟着老师来，最后自己设计一个数据库，给了我89,medium
老师很好，能学到东西，平时会有作业，期末也是交作业，90＋,medium
老师很好，不点名，可以学到有用的东西，期末交作业,medium
最后一个大作业，从不点名但是被卡绩了....,medium
不点名，期末做一个access的程序,medium
讲得好，给分也高，学的很深入，考试很简单,bad
讲课太过浅显，科普性的，感觉没什么干货，3-4次点名，期末论文，给分感觉有点差，因为不知道怎么能拿高分、、最后论文不是听课能写好的,bad
期末论文，给分一般吧，,medium
感兴趣的话能学到很多知识，上课挺轻松的，由课堂表现，小论文（加分项）以及最后的试卷（可带回）给分，最后90+,good
老师上课会鼓励提问，有加分，不点名，今年期末是考试，试卷拿回去做,medium
期末写论文，关于核能的都行,medium
老师很好,good
偶尔签到，期末论文,medium
给分还是挺高的，但是想要拿到90分以上还是要听课,good
老师很好,medium
给分不错，老师巨温柔！！讲的很多涉及高中物理。,medium
我们当年是考试……,bad
——————,medium
考核方式就是期末一个创意设计，讲课挺有趣的,good
期末交设计方案，老师人非常好给分非常高，但到得不齐会点名（不知道会不会影响给分）。另外想参加创新创业项目的同学建议选择，老师很有经验，能帮到很多忙。,medium
期末交一篇论文就好了，给分高，老师讲课很不错的,good
老师人很好，讲课很有趣，也会请一些相关行业的专家来分享经验，能够学到很多有用的东西。偶尔签到，但不扣分，期末交一个项目书，给分高，90+。,good
期末交一个项目书，讲课比较有意思，适合打算参加互联网创业的同学选，给分良心,good
期末交一个项目书即可,medium
老师给分真的很好，毕竟是大一选上的，还给了90+,good
老师讲的很好,good
讲课内容很实用，考核方式是课下编程，中间会有小的编程作业,medium
老师很亲切很用心的，上课常有签到但不算严格，给分90＋。有一半时间是上机，作业有好几次的样子（我是抱的大腿hhh）有期末考试，要认真学才行。不过学到Excel应用，很实用。,good
棒！,good
给分超高，能学到东西,medium
每节课都会有签到，按时去就没问题，老师人很好，讲课也不错，能学到东西，期中考试是答题，很简单，平时有几次作业，程序基本都是上课讲过的，非常简单，没有期末考试，给分超好，90+,good
给分不错,medium
老师很棒,good
事多，老师很耐心，但是事多，我每个作业都交了，给分低,medium
推荐这位老师,good
基本上每节课都有作业和签到，认真做完给分很高,medium
老师很好，轻松过关,good
内容很有意思，考试大部分是笔记,good
从古到今，老师的声音很有磁性，会每个朝代都以一位文人的故事来开端。开卷考试题目是平时讲过的作品。,good
很好,good
偶尔点名，期末开卷，老师讲的挺有意思的,good
上课要记笔记,good
没啥作业，也不点名，老师讲的很好，上课记得笔记就是考试内容,good
讲课不错，给分不高,good
平常点名少，没有平时作业。结课开卷考试，给分一般。,good
靠自己扯，要扯得有道理，要敢于在百度都查找不到什么内容的时候大胆胡言,good
介绍图书馆数据库资源，很实用,good
慎重慎重，课程内容很实用，但课程很枯燥,bad
点名两次，开卷考试（要听听课把一些东西写在老师发的PPT上）。感觉上不太好弄，不过均分挺高。？,medium
平时没有考核、课上不会提问、最后考试开卷但是，由于本门课程比较硬核，，想好好上课听讲的可以一选，就像那个学分的请远离,medium
老师人很好，点到要求严格，有一次插花，一次pre和实践，给分还不错,good
给分超级好,bad
课堂展示、小组活动、插花比赛、期末论文较多，任务较为繁重，但是老师比较温柔，课程内容也比较有趣。,medium
考核比较简单，期末论文,good
就上课常常放一个外国人的视频,medium
给分很好，会有比较多事情,good
逢课必点名，但是给分不错,medium
会点名，有小组作业，但是给分比较好,medium
挺好的,good
老师很温柔，有插花比赛和实地调研，挺有意思的，给分好,medium
讲课贼无聊，期末开卷考试给的重点根本不对，平时三次作业，坑,bad
有几次作业，开卷考，分给的挺高，一般九十多,medium
开卷考，有几次课后作业，最后一期交,good
老师超级好，唯一一次点名没去最后还是90+,medium
超无聊，反正水课，期末有考试，带回去开卷，85+,bad
平常比较抓考勤，特别是节前，然后期末把卷子发回去做,bad
期末发试卷回去做，老师人超好！给分很好,medium
额，不太记得了。只记得做了好几次作业,medium
平时点名和作业，作业最后一起交，期末有考试，,medium
试卷拿回去做，，很认真的复习了才做的，给的分很好，谢谢老师～,medium
划重点最后卡绩点了,bad
每节课都有几道作业，期末考试是从这些作业里出题，而且是开卷，老师人很好,medium
一直说闭卷到了期末当天突然改成开卷，几乎每次课都要点名，上课互动很多，不过给分不好，期末明明是开卷平时课也认真听了自认为自己的答案都是对的，每次课都到了没缺过勤，可是没上90好气啊,medium
最后开卷考加一篇论文，每周都去上老师眼熟你后给分90+，不过上课会点人回答问题,good
开卷，,medium
给分一般，也有几个给分高的，给分参差不齐,bad
还行吧，一些基础知识，可以开阔眼界，不过貌似有些文科生反映无法理解,medium
老师人很好..讲得有水平...最后开卷考试..就当扩展视野活跃思路的一门课,good
平常会把一些课后题目在PPT上展示，期末考试的时候会从中抽取题目考试，当然考前会把题目重新发给大家。貌似期末还会写一篇论文吧。给分基本上80+。,medium
上课内容不只局限于专业知识，很多扩展联系和思考都很有意思~平时认真记PPT做课后习题，期末试卷的题目就出自其中，每次点名都在，认真做题分炒鸡高⋯⋯,good
可以自由回答问题，老师会登记答问题的人的名字。也有时候可以去回答问题发邮箱。没有随机点名。结课的时候交论文。可以自由讲ppt（小组或者个人都可以）。发邮箱1次+论文+自己讲ppt，96飘过,medium
签到表签到,medium
666,medium
完全的水课,good
每节课签到，但给分很好,good
给分超级好，期末一篇论文,good
老师人不错啦，点名很水，论文也好写,good
平常签到。只有一篇结课论文，老师还说不建议超过两页纸。,good
不太喜欢老师讲课，很无聊，还有口头禅听着很不舒服。最后交一篇论文。,bad
每次签到，最后写一篇论文。90+,medium
老师讲课真的很无聊，但是给分好。期末交论文，手写有加分，90+,bad
偶尔点名，樊老师讲课讲得非常好，课程内容也十分实用。最后的考试比平时讲的要简单些，数学基础比较好的还是很容易答高分甚至满分的。很值得一上的数学课。,good
讲的是竞赛的题目，建议想参加大学生数学竞赛或想提高自己数学水平的人选这门课。有两个老师讲，对应着高数上下的内容，先是樊启斌教授，后是湛少峰教授，讲的都不错。,good
老师主要是课堂上微信签到，最后交两个PPT作业，给分82分，主要看运气吧,good
只讲PPT，讲课内容超实用，期末交作业，给分很好,good
这门课真的很好！！有干货实用而且给分还好！老师也很可爱！,good
老师超好！干货很多！,good
老师上课很有趣，讲解如何制作PPT，干货很多，期末要求交两个PPT和一个Word，给分很迷。,good
主要讲授如何制作PPT，期末考核是制作一份“阅读型”PPT和“演讲型”PPT，外加一份word说明，不点名，给分高，能学到东西，五星推荐,good
上课是教ppt制作，期末交两个ppt和一个word，从不点名，老师人很好，讲的也不错,good
上课是教ppt制作，期末交两个ppt和一个word，从不点名，老师人很好，讲的也不错,good
讲课超有意思，学了之后感觉世界观的变了，真的能学到很多。,good
最后交两个ppt，平常十分轻松,good
不错,medium
垃圾老师，水课,bad
老师真的超级好,good
真的超好，强烈推荐。轻松90+,good
给分非常好，事情有点多,medium
小组展示，结课800字手写论文，帮老师填问卷会有加分，90+,medium
每学期回答两次问题，小组作业一次，期末做问卷算入平时分。期末是一篇小论文。给分很好！,medium
给分分为上课发言和小组展示以及论文，所以要把握好发言机会，给分挺好的,medium
给分超好，老师给你很多加分的机会,medium
小组任务,medium
微助教签到答题，期末提前一周给试卷题目，每次课都签到、答题，试卷认真查文献、课件做的，最后85，给分有点迷,medium
期末卷子拿回去自己写，有一次展示,medium
每节课微助教签到，一次小组展示（人站在讲台上）。期末答题拿回去写。觉得不是很有意思哎。,medium
微信签到，期末试卷会提前发，有一个小组展示,medium
老师人很好,good
有趣的课，考试也不难,good
平时会签到，有个集体展示，给分一般,medium
微助教签到，考试开卷，给题目回去写,medium
很水，考核也简单，分数给得有点随意,medium
微助教签到，开卷考试提前一周给题目,medium
期末论文,medium
给分蛮好,medium
就一篇论文，非常好,good
老师学术很厉害,medium
老师讲的很好，是个大牛手写论文结课，用心写，并且引用数据图文之类的，给分95,good
论文结课，不点名，给分挺好,medium
手写论文，给分可以,medium
老师很好，讲的事情很有吸引力,medium
不点名，期末一篇论文，给分一般,medium
没有点过名，无作业，考核交一篇论文就行，给分挺好的,medium
很有意思的课。,good
老师超级niceeee！！！,good
期末论文，不点名90+老师超nice,good
讲课很有意思，给分很好,good
讲得很好玩超级推荐！,good
老师很有趣，期末交个创意报告,good
期末论文，老师很好,good
给分好，讲得好，点名基本上毫无压力,good
老师上课很有趣，期末写论文，给分很棒,good
老师人很好，nice！给分也很高,good
考核方式就是一篇论文，讲这节课与自己专业的关系，给分很好，老师很好，会提前一会儿下课，缺点就是在医学部上课，太远了,medium
医学部第一水课，一节课不来，写个800字小论文，90＋,medium
课讲的不错，每节课都换人，从不点名，期末一篇论文就好，给分不错,good
最后写论文，不点名，给分不错,medium
不点名，最后写论文，反正还行,bad
结课一篇论文，说的是800字写出自己的感想就好，给分很迷。结课后问老师，老师说你应该多写点，1500太少了，多查点文献，把查到的组织起来……so，自己的感想？,medium
给分很迷,bad
老师很好，上课人很多，最后小论文，给分不错,good
水课，不点名，期末交论文,medium
期末一篇1000字的文章,medium
89,medium
论文很难，给分一般,medium
微助教答题签到,medium
强力推荐！老师超级好，上课非常好玩，给分奈斯,good
老师会请外界人来上课，组队完成任务，，90+,medium
还可以吧，事情有点多，老师人比较逗，会请一两位行业专家过来讲他们的创业历程，结课写商业计划书或者事例分析，给分还不错,medium
上课会用微信小程序微助教点名，还会点人答题，中间又一次手写小作业，最后要交一篇论文或者创业计划书,medium
每节课都用微信小程序签到答题，老师还会随机点同学回答问题，，期末写创业计划书（组队）或者成功案例分析（个人），85分,medium
考试是一个创业策划书，可以小组合作，给分还可以，得了89.,good
很无聊的课，本来以为是生物相关，结果是创业课程，每节课微信点名，提问，还会点人回答问题。期末创业计划书或心得，给分低,bad
不错,good
小论文，不点名，上课有点意思,good
挺好的，大课，点名无压力，期末一篇论文,medium
一篇论文，有点卡绩，讲的不错有收获,good
老师很认真，给分也很好,good
最后交一篇论文，没有字数要求,medium
老师很认真负责，内容也很好，认真的话可以学到很多东西。期末论文好好写的话90+,good
轻松有趣,medium
还行,medium
挺好的，不点名，最后89。,medium
没点过名，每次上两节就下课，但是论文要是写不好就......,good
上课毫无压力，内容有点无聊，最后5000+论文,medium
结课五千字论文，日常无作业,medium
一般,medium
老师人不错，给分也行,medium
说实话，有点无聊，期末一篇5000字论文，给分还行,bad
给分一般，但是课程比较轻松,bad
老师讲材料方面的内容其实挺少的，最后的考试是一篇关于材料方面的论文，写的一般，老师给了87分,medium
期末交论文5000+，很容易90+,medium
事不多，期末一篇论文，虽然是ppt讲课，但平时讲的课也还不错哈，老师人挺好的,medium
事不多，没怎么去也给了80多分,bad
中间有一次展示，加分项；期末从老师给的选题里选一个写一篇论文。,medium
老师讲的不错，期末是交论文，有展示,good
老师挺有趣，平时作业当点名，期末写一篇自传类的文章,good
论文结课，中期有一次老师推荐电影的观后感小论文提交，给分很好，论文只要写出自己的感受分数就比较高。老师人很好，讲课个人感觉也比较有趣，主要是关于精神分析学的，会有推荐阅读书目。只是可能最后有点小疏忽成绩漏登了，不过最后还是补上了~,good
上课超有意思，偶尔点名，会给看电影，给分也很好,good
上课挺有意思的，最后论文结课，写关于自己就行，其他不限制，但为啥给分不好？,good
交作业变相点名，比较轻松,medium
有趣，给分好,good
授课方式很有趣,good
有时会乍现幽默，课程内容比较松,medium
给分奇高，上课也很轻松，也不知道怎么就94了,medium
期末一篇论文，老师讲课蛮有趣的，不过公选课最低分....还卡了绩点,good
老师讲课幽默风趣，期末考核很简单，1500的论文。没有平时作业，给分好。,good
很好啊,medium
课很有意思，有小作业，论文；老师允许缺课，但不建议，毕竟课那么好,good
有作业，不点名，给分不咋地,good
不点名，一个平时作业，期末手写论文。课程内容仔细听的话会学到很多。,medium
还不错,medium
给分还可以，内容比较基础,medium
给分一般，好像内容挺有用,medium
不点名，平常一个作业，结课论文，很轻松，给分好。,medium
每个老师讲解的都是自己研究领域的内容，会看电影,good
挺有意思的一门课。最后一节课点了名，期间有一次小组展示，期末要交一篇3000字的自传，难度不大。,good
平时分小组内考核，期末一篇论文,medium
平时分是小组组内考核，期末一篇论文,medium
第一节课会分小组，平时主要课堂讨论，期末一篇论文，平时分由小组内部考核,good
上课挺轻松的就是期末不容易上90，不知道为什么,medium
上课需要听，老师事情比较多，但是确实有趣。当时小组里好多人都是89，不知道老师是故意的还是什么,medium
看老师，有的老师贼好贼有趣，给分不错,medium
给分很好，基本没有什事情,good
蛮好的,good
一般,medium
最后交一篇小作文，老师讲的分厂好,good
考核是结课论文，记录咨询过程，很有意思,good
作业不多，能给到一些心理学启蒙。以两人成组互相心理咨询的方式上课，挺有趣的。作业认真写给分90+,good
要选搭档，然后每节课上课前20分钟心里咨询，考核是咨询内容的报告。不用担心要咨询什么哦，因为你会玩得开心的~,good
老师上课挺有趣的，给分好,good
分组做心理咨询,medium
没有签到，但会让你在前几节课选一个搭档，每节课开始和搭档互相咨询二十分钟。最后考核就是交根据这几次课的咨询结果写的报告。给分很好，是个认识异性朋友的好机会。,good
还行,medium
感觉课堂很有意思，会介绍一些心理现象和心理学学派，有几次随机的课堂作业作为点到，最后论文是分析原生家庭。,good
挺有趣的，有几次课堂作业,good
给分还不错。,bad
水课必选。从不点名，但是上课其实也还行。期末一千字小论文。给分很好。,medium
这个老师讲课非常无聊，打着讲视觉艺术的名号介绍风水，对西方艺术有极大偏见，期末考试是要赏析他自己的画，还鼓励学生靠把赏析他画作的文章放到网站上来加分，总之就是不要选！！！,bad
水～,medium
粁论文,good
不点名，上课还好，考试论文无压力，给分很好,medium
会讲各种美的东西，很有趣,good
不点名，期末交论文，给分90+,medium
论文考核，上课就欣赏电影以及瓷器？？电影有意思的。平均给分较高，但我的不高,medium
其实是基础美术审美欣赏课，看了很多电影，其实讲得还可以，最后作业，轻松90+,medium
就是点名，2到3次吧，不定期的期末开卷考试，超简单,medium
上课比较无聊，平时从不点名，最后开卷考试，但被卡了绩点，不太爽,bad
开卷考试，偶尔点到,medium
给分不错94，老师偶尔会安排签到,medium
点名一次。一次展示。期末开卷。90+,medium
最后开卷考试，给分还可以,good
点过一次名。三节课前两节老师就是在读课本第三节看纪录片或者电影。期末开卷考试，照着课本抄基本就90+。讲ppt可加分。水课，讲的没意思除非自己感兴趣，适合混学分。,medium
只点一次名，也没关系，最后开卷考，90+,medium
会随机走到你面前问问题。不点名。期末开卷。给分可以,medium
开卷考，给分高，，点过一次名,medium
一般,medium
超好,good
会点三次名，期末拿题回去做，挺有意思,good
期末论文，解释卦象，给分较低,medium
超级有意思！,good
讲的有意思就是给分emmmm,good
没有兴趣就不要选了，选了你也考不高,medium
期末写篇论文，随机点名三次，给分很一般。。,medium
十三次课随机点名三次，期末交一份作业算考试成绩，基本是ppt和讲过的原题，最后得了90,medium
讲八卦五行之类算命的东西，本来对这方面没什么兴趣，但发现跟着老师听一听还是蛮有意思的。期末布置三道题自己回去写，感觉自己全靠瞎扯，没想到还拿了90+,good
点三次名，最后开卷考,medium
对数术文化感兴趣的人可能会很喜欢这门课吧，老师人也很好，期末开卷考试，偶尔点名,medium
期末翻译一篇很长的英文论文，基本90+,medium
平时很水，考核是翻译一篇论文，很简单,medium
最后考试比较简单，高分也不难，考勤无压力,medium
从没点过名，期末选了读书报告，英文论文直接翻译一遍，90分,medium
没点过名，期间请过方青（流程创新），还请过一个专家（经济相关）。考试是读书报告和案例分析二选一，都是英文的，会按专业分配文章。,medium
很好的,good
老师人超超超级好！从来不点名，期末论文或者读书报告。,medium
没点过名，上课有点无聊，期末交个作业，90+,medium
老师对互联网金融颇有研究。对这方面有兴趣的同学上课没压力，都是些基础的东西。考试是翻译并总结一篇论文或一个互联网金融相关的企业案例，给分超级nice！,medium
有一些小作业，大概2到三次，期末论文。偶尔微信群里答道点名。认真写作业和论文，给分还好，90整。,medium
群里发言算点名,medium
平時作業兩次，期末論文一次,medium
交三次论文，上课没什么意思，最后82,bad
两次小论文，期末大论文。上课比较无聊，老师自己也没什么热情。,bad
没意思，给分也一般，不推荐选,bad
嗯，老师基本就是照着ppt讲了，没什么意思，会布置2-3次作业，都是跟商品包装有关，不算太难，期末要交一次论文。老师会挑着点3次名（可能看来的人少了就会店名），期末给分90+。,medium
三篇论文，最后94，只要认真写应该没问题,bad
交三篇论文，85分,medium
中间写了两次论文，最后交一篇论文，88,medium
一次展示，每次课传名单签到，最后一篇论文，给分90+,medium
签到是表格签到，课程还是有点干货的，作业是分组完成展示。,medium
签到是手写穿表，课程内容有点无聊，但是作业认真做分数就很好,bad
不要选。给我81,bad
不要选...,bad
不点名但是三次作业要交，期末考试题难，搜不到那种,medium
慎选吧，给分可怕还卡绩。。。,good
给分是真的可怕……,medium
很烦，，71的路过,medium
一共交三次作业，算是点名，期末开卷,medium
讲课一般吧，给分不错，考试可以上网查，有时候会交课堂作业,medium
怀着八卦的心报但是没听到多少八卦，哎……没点过名，期末考试简单,bad
我看了分数，，“哇”的一声就哭出来了。。。。，，,medium
一共点两次名，以交课堂小问题的形式，给分一般，期末开卷可带手机电脑,medium
给分不高,medium
课程内容挺枯燥的，慎重选择。,medium
第二节课下课到第一排去签到，有一次参观实验，期末交实验报告，最后开卷考试，可以带电脑看ppt，90+无压力,medium
给分无敌好，实验期末都是照抄,medium
课程内容有点无聊，会经常签到，有一个实验报告，期末开卷考试，给分非常好,medium
给分非常高，期末开卷，有题库，照抄，中间有次实验，很水，强烈安利这门课。,bad
比较轻松，期末开卷,medium
一次实验报告，给分很好,good
做一次实验，交一下报告，期末开卷考试，可以带电脑，给分高,medium
老师人很好，期末开卷考试有题库，可以带手机或电脑，直接抄就行了,medium
挺好,good
老师人很好了，提前给题库，考试前交一次实验报告,medium
开卷考试,medium
可以学到东西最后轻松90+,good
不点名,medium
不点名，最后99，良心代码课，必选！,medium
老师超级好，大学四年目前最好的选修课老师,medium
给分很好，不点名，认真听也能学一些,good
有好队友轻松90+,good
老师人超好的，只要好好考试，不用担心不会90,good
3次作业，期末开卷，轻松90+,medium
没有基础的听着会有点吃力，不点名，闭卷考试，有三次作业，上课做好笔记，老师很好,medium
一次实验报告，开卷考试，简单，给分好,medium
开卷考试，,bad
还行,medium
很好的老师，不点名，我翘过两次课,medium
考试不会为难大家，开卷,medium
课堂内容没怎么听，期末考核为实验报告，参观基地，这个很好玩，学了不少东西。,medium
中间有一次实验，填写一次实验报告。开卷考试，会给资料，给分可以。,bad
一份实验报告，有平时接触不到的知识，最后开卷考试，老师很好,medium
老师很认真，小组展示，论文,medium
无情高分,bad
考核方式就是期末一个创意设计，讲课挺有趣的,good
期末交设计方案，老师人非常好给分非常高，但到得不齐会点名（不知道会不会影响给分）。另外想参加创新创业项目的同学建议选择，老师很有经验，能帮到很多忙。,medium
期末交一篇论文就好了，给分高，老师讲课很不错的,good
老师人很好，讲课很有趣，也会请一些相关行业的专家来分享经验，能够学到很多有用的东西。偶尔签到，但不扣分，期末交一个项目书，给分高，90+。,good
期末交一个项目书，讲课比较有意思，适合打算参加互联网创业的同学选，给分良心,good
期末交一个项目书即可,medium
老师给分真的很好，毕竟是大一选上的，还给了90+,good
老师讲的很好,good
每次上机写作业，没有期末（大概,medium
老师很可爱，讲的也很基础，如果真的想学习C语言建议选专业课或者自学,good
每次课都会有上机作业，当然也可以后补，老师讲课很温柔，讲的也比较细，期末会有一次测验。认真听，是可以学到不少C语言基础知识，收获也是蛮大的，给分也很好，我记得我拿了99分,good
就是每次的上机作业和期末测验~老师会一点点教~也可以抱大腿~只要作业做完了给分就很好,medium
老师很好呀,good
总体感觉还不错！,medium
每节课都要做小作业，其实不会的话可以找同学帮忙，老师人很好，96分,medium
每节课都要上机训练,medium
老师人超级无敌好,medium
给分贼好,medium
下课要花些时间弄懂老师讲的，要好好写作业。,medium
标准有点迷，讲课的详略安排不是很理想，有些东西需要课后慢慢弄明白,medium
不是特别感兴趣的真的不建议选,bad
讲的有乐理，没基础挺费劲，最后做两段音频，给分有点迷,medium
首先还是要表达一下对老师的感谢。上课非常有意思，互动性强，如果认真做笔记的话可以学到很多会讲SONAR和Cubase这两个软件，感觉Cubase很有用，但SONAR可以用overture来代替对乐理基础的要求并不高（即使啥也不懂，也只需要把五线谱的高音谱号和低音谱号都给认熟练就行），但笔记极其重要（还会讲三和弦之类的）但有意思是一方面，另一方面，不建议用这门课来水学分，因为即使你平时把这门课当成专业课来学习，来重视，也并不能保证你期末能满绩（没错，给分细则不详，也许你把它当成数分那么重要来学也只能得80多分）（89成功卡绩的路过）,good
非常不推荐，讲课进度太快，没有基础的话基本跟不上，最后还要交自己写的音乐，给分也不好，坑爹啊！！,bad
期末做一个短的音乐，但给分一般，,medium
讲的是非常基础的乐理知识，及Sonar和Cubase的简单使用，考核需要交一首midi格式的音乐和一首自己用软件做的音乐，有一定的难度，认真做了也只有88分,medium
除非有巨大到做梦都在搞电子音乐的兴趣，否则不建议选择,bad
有音乐基础的话可以学到一点简单的Cubase和sonar的应用，老师讲课稍微有点拖，不过人还挺好的,medium
平常有三次点名，最后交了两篇小论文。课程内容很多，有些枯燥。,medium
坑爹啊，最后闭卷考试，试卷和专业课一样，坑坑坑,medium
闭卷，按照网上复习题纲加上一定努力就可90+,medium
课堂比较无聊，老师典型的理科男。不过课堂本身内容还是很丰富的，认真听会有收获。闭卷考，背一背讲义，大体没有问题。,bad
每次点名之前一节课都会提醒，老师上课也很轻松，不会有什么要求，也没有作业，考试也比较简单,bad
总的加起来写了一万字的论文，三篇，给分还不错,medium
三篇论文，均字4000以上，95,medium
期末交三篇论文，93,medium
每次上课打牌，很有意思,good
最后联系桥牌写论文，有字数要求,good
"<script>alert(""老师很有人格魅力，最后结课当场写一篇论文"")</script>",good
没怎么去过，最后一篇论文,good
上课就是前两节课和牌友（固定牌友）打牌，后一节课老师讲课，，挺有意思的，期末是当场写一篇1500字的论文,good
课很好，老师很好，周围同学分不错，但是我为啥得了82，很气，很气,good
半节课打牌半节课上课，期末考写作文，挺有趣的,good
好！,good
这个牌比较难打，但是会打了很有意思的，85+,good
蹭分首选，若对桥牌有兴趣更好,good
只要缺点名你就凉凉只有60+，请假迟到都会扣分,good
非常好的老师！,good
只有一次没去赶上点名，期末也好好复习了，同样情况的同学考了90+，自己只有60多，很迷。,medium
老师课讲得挺好的，能学到东西，两次课上点名，记得比较严格，请假也会扣分,good
考试就是听歌识曲．．固定点名２次,good
老师特别幽默，上课很有趣，上课认真听了，考前复习一下，90+没问题的。,good
感觉老师特别好，课也很有意思（如果我在多会一点音乐知识的话）,good
老师讲课很幽默，每节课都去了，认真学习不翘课90+应该没问题,good
老师讲课很好。但是时不时点一下名，中途有一次随堂小测，运气不好逃过两次课都点名了，最后60+，不过每次去的话分会很高吧,good
老师很逗，大美女，然后平时上课就是听歌，边听老师边讲。一共会有三次点名，期末考核是听十首音乐，写出曲名，作者，出处，无压力,good
没什么作业，老师也很好讲的也很新颖,good
平常没啥作业，老师经常换，给分不怎么样,medium
考试开卷，题目书上找不到,good
有三次点名，决定平时成绩，每节课的老师都不一样，大部分老师都挺有趣的，老师也很棒棒，考试就是考平时讲过的基础知识，水课的别来，都是干货,good
老师讲课速度挺快的，但是对问题很耐心。都是生科院的教授讲课，期末开卷，老师不给PPT，但是不会考细节，只考对每个专题的大概认知，8个论述题。基因专题最好听听，考试有点难,medium
点名似乎只有一次，每个部分都有不同的老师来上，上课可以说很精彩。期末考开卷，但是一本书根本不够，然后老师改卷应该很严吧，分数太好。,good
会用微助教点两次名，中间有几次作业，最后开卷考试，70多，很无语,medium
偶尔点名，最后开卷考试，但是也很难，给分不咋滴,medium
没有作业，期末开卷,medium
很好的一门课，引人入胜，能学到很多,good
两次,medium
闭卷，给分高,good
老师还是很有趣，内容比较乏味，期末开卷90+,medium
挺实用，但是老师讲的不是特别有趣，课件偏老,medium
松的闭卷考试会画重点给分在85以上,medium
老师比较严，经常对课堂上同学不听课发牢骚，有一两次会点同学起来回答问题，算是点名了吧。,medium
开卷考试，题目还可以，轻松90+,good
开卷、有一次其中出一道题来做、论文作为平时成绩,medium
给分好，期末论文+考试，老师人也很好,medium
给分、给分、给分，，，很好,medium
老师很负责很温柔，期末开卷老师给材料，最后85+,medium
每堂课都签到，期末开卷，给分挺好,medium
开卷，老师人很好，我觉得自己做得不怎么好，老师也给了90,medium
开卷，抄得累死，最后88,bad
ok,medium
老师人很好，期末给资料，开卷考试，给分无敌好，96,medium
90+,medium
给分很好，90+,medium
每节课签到，上课玩手机老师也不理，期末开卷，但给分一般，卡绩点,medium
老师讲得好，而且开卷考试也不难,good
上课基本是ppt，虽然是开卷考试，但给分总有坑的,bad
哇，求求大家千万别选。每堂课都到，中秋节那次课都到了！课堂展示认认真真做了，考试认认真真准备了答题了，还检查了三遍。最后给了我80，而且我不是个例，还有个同学跟我差不多说他78。。。想找老师问原因没有任何回复，千万别选！真的辣鸡！！！！,bad
期末考试很迷……,medium
平时会点名，只是一定注意那个计算题啊，我几次点名都没到，本来以为会分很低，但正好听到了那个计算题，最后居然比另外一个天天去的同学分还高。。。,medium
点五次名可以请两次假，有一次pre，期末开卷就打印PPT，给分超好，90+,medium
点5次名，我正好点名都到了~~期末开卷，只要把老师的PPT全部打印下来就行，抄的手快断了，给分很好,medium
很好,good
期末考试，打印老师的PPT就可以，题目简单，老师人美心善，课上带过泥土样本给我们玩泥巴,medium
老师允许请假，点名会在微信群提前通知，开卷全考PPT内容，有个计算题注意上课听讲理解一下，90+无压力,medium
三次作业，期末试卷可以带回去做，总体还行就是给分较低,medium
很水，点名是签到的形式，三堂课一般只上两堂，两次一百字的小作业（百度可以解决），期末试卷带回去做，给分一般,medium
真的服，我跟室友一样的考勤一样的期末开卷答案，一个90一个80,bad
考核方式是试卷，下课完成，内容都是上课涉及,medium
期末开卷考试，试卷带回去，两个星期时间完成,good
3学分力性价比最高的,medium
会交纸条查签到，考试自己把试卷带会去做,medium
老师很好，三次作业，基本不听课，查查资料写点东西90+,medium
给分好，很好,good
超赞,good
期末考试还是很有难度的。,medium
5次点名，一次10分,bad
老师人很好，但是还是要有韩语基础或者热爱韩语想要学习韩语的去学吧,good
大学最喜欢的一门选修课，老师讲课很有意思，平时偶尔点名，点名一次十分，期末考试闭卷，不算难，要么认真学要么抱大腿。95分,good
老师讲课很有意思，会讲一些她在韩国的见闻。但期末考试有难度。然后有安排和韩国留学生交流。,good
无压力，5次签到占50分，期末50分,good
老师人很好，给分也很好,good
喜欢韩语的人，推荐上；没兴趣的话很痛苦,good
一共五次点名，期末闭卷考试。老师讲的很好，但是东西要复习，不复习都忘了，我现在都不记得元音辅音怎么念了,good
讲的很好，期末出了好多选择题，就是我对韩语不开窍~~有助攻90+,medium
论文结课，水水,medium
好课,good
给分好，别的不说了,medium
给分高,medium
期末论文，给分高。,medium
分高，几乎没去，,medium
经常放大国崛起...,medium
一篇论文，经常看大国崛起，会按照院系点名,medium
老师观点独到，讲的很好，论文比较好写（给题目）给分也好,good
老师讲的不错，很有见解，偶尔会点名，最后交篇论文，比较轻松90+,good
很有意思的课。,good
老师超级niceeee！！！,good
期末论文，不点名90+老师超nice,good
讲课很有意思，给分很好,good
讲得很好玩超级推荐！,good
老师很有趣，期末交个创意报告,good
期末论文，老师很好,good
给分好，讲得好，点名基本上毫无压力,good
老师上课很有趣，期末写论文，给分很棒,good
老师人很好，nice！给分也很高,good
微助教签到答题，期末提前一周给试卷题目，每次课都签到、答题，试卷认真查文献、课件做的，最后85，给分有点迷,medium
期末卷子拿回去自己写，有一次展示,medium
每节课微助教签到，一次小组展示（人站在讲台上）。期末答题拿回去写。觉得不是很有意思哎。,medium
微信签到，期末试卷会提前发，有一个小组展示,medium
老师人很好,good
有趣的课，考试也不难,good
平时会签到，有个集体展示，给分一般,medium
微助教签到，考试开卷，给题目回去写,medium
很水，考核也简单，分数给得有点随意,medium
微助教签到，开卷考试提前一周给题目,medium
两个小作业，期末开卷考试,medium
三次小作业，考试开卷很简单,good
没点名，中间两次小论文，考试开卷，可以看老师发的ppt或者老师推荐的一本书，可以带手机或电脑但不能上网。给分92,medium
考试开卷，，最后86,medium
给分行，就够了,bad
两次小论文，CtrlcCtrlv即可。没点名。考前会给ppt，再不放心可以去借一本书（测绘的有），考试抄就行,good
捡漏上的，总共才7节课，没敢逃，但老师不点名的，期末开卷，手机电脑笔记本随你带，能抄完算我输，卡到了89。。。没有想象中那么棒，但要选不上就选他呗。,medium
啥也不会，讲的很有意思可惜文科生实在听不懂，考试开卷，提前一个小时交卷绝对没问题，期末90+妥妥的,good
能学到很多，最后考试开卷,good
布置了三次作业，都是课后布置下一次来了交。最后考试开卷，但是不能联网，还专门分成两个教室，一教室俩老师监考=，=老师还是很认真讲课的（然而我并没有去过几次）最后考试要去拷PPT，2个小时9道问答题，前5、6道还正常都是PPT上的，后面几道题就不知道什么鬼了...最后给分85,medium
中间交过一次作业，考试很简单，给分不错,bad
多位教师轮流授课，特别喜欢于小曼老师,good
不错,bad
一个团队的老师交替上课，等学到一点东西但有的老师讲的很粗糙，给分还可以。,medium
老师讲的好，跟分一般,good
很水,good
有好几个老师共同授课，考试开卷,medium
讲课每次不同老师。挺有趣味，考试太水。,medium
给分好像很多90，但我88...虽然没上过几次课,medium
开卷考，不怎么点名,medium
最后交论文，中间会有作为作业的问题,bad
这个课的论文不要百度啥的，，会得零分的，血泪教训啊！！！！！！！！！！！！！！！！,good
不要上这个课，给分真的很辣鸡，签到方式奇葩,bad
老师要求很严格，也很看中平时分，基本每节课会点人起来互动记名字,medium
第一次课就会点名，而且只点了这一次,good
不点名，期末论文,medium
无点名,bad
不考勤，老师很好，考核一篇自己的旅游等的经历,good
没点名，论文结课，老师人很好，展示可以不用交论文，给分好,medium
期末一篇论文，课有意思，平时不点名，中间有一次室外课玩游戏,good
给分一般般,good
没点过名，论文写好了就90+,good
每节课介绍一个体育旅游专题，有远足、雪山攀爬、帐篷搭建、自行车等，也会让同学上台展示自己的旅游经历（有加分），课程内容还是挺有趣的。老师偶尔会随机抽院系点名，不过大部分都是一次没点过。中途会有一次类似于团建的课外实践课，期末上交一篇旅游攻略，给分还行。,good
老师讲课一般吧，给分还可以，期末论文,medium
微助教点名，期末开卷,medium
给分一般,bad
不太感兴趣，所以上课也没认真听，最后考试时开卷，还要交一个论文或ppt,medium
一次小组ppt展示，提前给考题开卷考，给分高,medium
每节课微助教签到，平时有一次小组展示，期末考试开卷，总体还不错,medium
手机签到，事情多，给分低,medium
每节课用微助教签到，要做一次小组展示，开卷考试，每节课都去一般90+,medium
挺好的90+,medium
小组展示几乎占了一半的教学时间，期末开卷给分好,medium
微助教签到，内容多，开卷但真的很多！给分好,medium
很好,medium
被卡了····呜呜呜,good
几乎不点名，小组形式讨论以及考勤，中间有写一篇影评，期末一篇成长分析报告。作业都做了并且每次课都去，90+。,good
讲的好，给分真的有点垃圾，如果开心的话，不考虑成绩，好课,good
給分真是太差了,medium
平常好像两次小的课堂作业。课上分组，每组签到，可能考勤也会影响成绩吧。最后论文。给分挺好的,good
老师很好，讲课也很好，能学到东西，就是给分一言难尽。。。。,good
老师很好，给分还可以，中间一次论文，结课一篇论文，课上互动很多，课上会介绍一些心理学概念和相关书籍，还不错。点名一般是抽点。,medium
老师上课会提问题，，给分高，，内容也不错,good
写论文，期间会有一篇感想,good
一篇论文,bad
一篇论文,bad
实践部分结合实例讲得非常有趣，一般是最后几节课必点名，最后考核是交一篇课题有关的论文，时间宽裕，老师很善解人意，最后得分也不错上了90,medium
一篇论文，没有点名，但是会有签到，给分还算可以,medium
前后两个老师，第一个老师声音较小，不点名，第二个老师要求每次课都要签到，考核是交一篇论文，给分较低。,medium
给分很低，慎选,bad
85分还行吧，事情不多,medium
老师不定时点名，交论文，给分80+吧,medium
写论文,medium
炒鸡炒鸡无聊的课，期末论文考核，什么都没有学到，结课90，论文自认为写的不咋的,bad
特别好,good
只要去教室两次mooc授课，只要完成mooc就可以90+,good
千年一遇的良心好课，强烈推荐！先在教室上几节理论课，然后在计算机学院上机，老师人超可爱，把编程讲的非常浅显易懂，每次跟着老师一起敲代码，下课提交就行，不是很难，但一定要专注听课，最后没有考核，看你平时代码就行。有时会留一些扩展的题，都不是很难，这个可以不交。最后得了99，不要太开心。,good
每节课都要交小作业，跟着老师码代码，对于没有基础的学生来说难跟上，但是给分非常好,good
对本人这种文科生来说有点难，第一节课听的云里雾里，上机的时候多研究一下课件，还是可以的。最后95。,good
可以学到一点C#，老师给分很高。,good
最良心的公选，没有之一,good
专业编程，但老师人很好，一步一步带着敲代码，每节课把跟着敲的东西交上去就算到了，其实不交也没事，我交了一半的代码，好多都没编译，最后98.。。。。。。,good
每次上课带着一起写程序，做的程序都很有意思，老师风趣幽默，每次作业都完成就90+啦,good
老师是一个有趣的人，内容实在，每节课都有课堂作业，基本在课上就可以完成，偶尔有课后作业。,good
没有考核，内容很实在，给分就根据平时跟着老师敲的代码，分超好,good
只有最后一节课签到，平时每节课有作业（其实是跟着老师把代码敲一遍），只要每次作业都交到位了期末就是90+，最良心公选之一,good
给分好，作业多,medium
看了几次电影，课是挺有趣的，本来想学点做简单动漫视频的，但是没学到干货，基本全在画画，分很高,good
画画课，总的来说给分可以，但是只要作业都做了，给分就很高,medium
讲课水平非常一般，但是每节课几乎都有作业，共计写过三篇三千字文章和画过七八张分镜（每张有五个格子）唯一优点给分好,bad
作业挺多的，让写故事，画分镜，感觉没学到什么，但是给分很好,medium
不要被这门课的名字迷惑，其实就是画画课！事情超多，要写观后感，编故事，画分镜，比我专业课的作业还多，手残党就不要选了，画画伤不起。﹏。但给分是真的好,medium
作业特别特别特别特别特别特别特别特别特别特别特别特别特别特别特别特别特别特别特别特别特别特别特别特别特别特别特别特别特别特别特别特别特别特别特别特别特别特别特别特别特别特别特别特别特别特别特别特别特别特别特别特别特别特别特别特别特别特别特别特别特别特别特别特别特别特别特别特别特别特别特别特别特别特别特别特别特别特别多,bad
作业多到发狂,medium
每堂课必有作业，老师自己也不清楚布置了什么作业，比较混乱,medium
课程作业特多，给分还挺高的,bad
一次展示，每次课传名单签到，最后一篇论文，给分90+,medium
签到是表格签到，课程还是有点干货的，作业是分组完成展示。,medium
签到是手写穿表，课程内容有点无聊，但是作业认真做分数就很好,bad
期末开卷考试，题目都会事先给出，自己选着答题；还有一篇论文，是看一个纪录片互联网时代的观后感。老师很好，嘴上说点三次名却一次没点，给分85+,medium
平时基本不点名，考试四道大题，你会提前知道题目,medium
期末是出题，可以提前写，当场抄上去。,medium
有平时作业，最后开卷考试，给分85左右，，讲课比较有趣,good
不点名，期末是提前出些题，从这里面选几道，开卷，不准用手机,medium
上课不点名，考核方式是期末不带手机开卷现场写论文，老师很棒hhh就是卡了绩点，算了甘愿吧,good
考核方式要交一篇小论文当作业，期末说是开卷考试，其实之前就告诉题目了，可以提前准备，分数90,medium
平时上课就根据PPT上的内容讲，老师还是十分幽默的，经常分享他对于一些社会问题的看法。期末有一篇论文，还会有开卷考试，考前会把题目告诉我们，给我们时间查资料。给分还好，我有85+。,medium
两篇命题论文，上课就基本对照ppt讲，会放纪录片视频，中间有一次是在清明放假前一天点的名，不过后来没有作数，给分还好吧，高分比较难，过一般是没问题,medium
上课用的教材很经典，，老师讲得也还好，，但给分很一般...........................................................................................,medium
大学唯一一门挂掉的课~,medium
没好好听课，，，，给分不高,medium
平时会布置一些作业，期末有考试，很少点名，但如果没有学过乐器并且还不去上课，期末多半要挂,medium
不上课的话，考试可能是过不了的,medium
旷了两次课就跟不上了，最后七十多分，不过老师讲的还好,good
考试可以看任何资料，可以悄悄玩手机,good
有课堂测试，期末笔试可以带笔记，蛮难的,medium
偶尔作业，考试是笔试，还是有一定难度的,medium
哎，我也不知道吧，感觉期末考试也不难，照着书感觉都挺对的，给分贼低，伤心难过,good
上课是很有趣的，偶尔会有作业，作业就是考勤。给分的话真的不高~没有乐理基础的慎选,medium
有很多作业要小组展示,medium
课有点无聊,bad
课很无聊，给分一般,bad
还可以吧，每节课都去了，遇到了很多有想法的同学。期末一篇企划书一篇心得，很认真地写了但是只有87...同组另一位88...给分有一点点迷,medium
老师讲的一般，中间有小组任务，给分很一般，就不知道她是怎么给的，会请外面的大大来开讲座,bad
点了几次名，有几次小组展示，还要写创业计划书，课程中间小组任务比较多，结课写论文。老师讲的一般，但给分很高。,medium
点了两三次名，小组展示+课程心得，课堂内容挺一般的...,medium
给分蛮好的，作业需要小组讨论完成，制作一个创业案例，结课的时候需要写心得。总体比较轻松，课名称吸引人，但是老师讲得不够吸引人。,medium
给分过得去，考核只是一次小组展示+论文。偶尔点名一两次。这学期请过一次douyu的高管来课堂分享。平常上课比较无聊，老师对互联网什么的似乎不是太懂。,bad
每次上课打牌，很有意思,good
最后联系桥牌写论文，有字数要求,good
"<script>alert(""老师很有人格魅力，最后结课当场写一篇论文"")</script>",good
没怎么去过，最后一篇论文,good
上课就是前两节课和牌友（固定牌友）打牌，后一节课老师讲课，，挺有意思的，期末是当场写一篇1500字的论文,good
课很好，老师很好，周围同学分不错，但是我为啥得了82，很气，很气,good
半节课打牌半节课上课，期末考写作文，挺有趣的,good
好！,good
这个牌比较难打，但是会打了很有意思的，85+,good
蹭分首选，若对桥牌有兴趣更好,good
从不考核，除了前一两次课，几乎每堂课都会有笔头作业。期末考试上机考试，但是教室有网，可以查答案，老师坐第一排从不巡视后面。非对Java有了解的不建议选。,medium
点了一次名，考试时也点了一次，开卷可以上网查，但还是要有点基础，不然懵逼,medium
上课还行。老师喜欢下雨/人少的时候点名。,medium
分不高,bad
期末交论文，老师人很好,medium
老师授课质量很不错，当堂会放一些视频。只去了一次，论文认真写拿到90,good
业界良心，老师好人一生平安,medium
老师人很好，虽然没多少人听，还是讲的很认真,good
老师讲的很详细，适合入门。,medium
三次作业，给分高,good
这门课还是比较适合初入编程的小白的，我是软件工程的，做起来难度一般，有三次作业，还是能学到不少东西的,good
三次作业，不认真听课的话还是有点困难，最好要有点基础吧。认真听课还是会有基础的,medium
三次大作业，最后做一个记事本，能学到东西,good
没点过名，有三个小作业，最后一个占比最大，三个小作业做好就可以了（自己去找老师给的程序中的问题，就可以很轻松上90）,medium
几次作业，别的课忙的话还是要花点时间,good
三次大作业,medium
都还挺好，问题是最后三次作业感觉做的可以了，为啥没到90呢……,medium
交三次编程作业，一次比一次难，有基础会简单点，没基础上课好好听吧,medium
经常微助教，填写问卷，期末论文，给分一般,medium
多个老师授课，但是老师讲课水平参差不齐。表扬白姓某老师,medium
一共点两次名，以交课堂小问题的形式，给分一般，期末开卷可带手机电脑,medium
给分不高,medium
课程内容挺枯燥的，慎重选择。,medium
一般吧,medium
小组展示+论文，，，给分感觉还行，，花点时间能上90,medium
本系的老师，最后的展示比较要求高嗯。。。。,medium
考核方式是小组一起做一个ppt展示并且写论文只要你认真，给分很好的,medium
作业很难，期末还有小组展示！！,bad
小组展示加论文，给分不高，每节课按照学院点名,medium
小组展示+结课论文1000字左右作为文科生，实在听不懂(=_=)每节课都到了，然而给分超级低。,medium
每节课都要讲东西然后下次课就上机做交作业，所以虽然不点名但是不听课就不会做作业，最后一个独立flash动画,good
很好,good
老师讲课很清晰，，，学的也很轻松，，上机课的话每次完成一个小作业，，期末独立完成一个作品，，，给分很高,good
期末一次作业，课上老师现场打分，基本按要求来上90没问题，但必须上课去听，宋老师很漂亮，人很好,good
挺好的，一步步教，最后交个小视频，很简单的。,medium
给分特别高，虽然学的东西很多都忘了，但是比PS教的好多了，比较认真有耐心，老师激萌,good
老师好，挺好的的，好喜欢(^ω^),bad
老师教的东西很基础也很简单，一步一步教很好上手，平时小作业也很简单，但是每节课都有随堂作业要提交，（去不了的也可以请人代交或者回去自己做）最后结课考一个flash制作，结合平时学的不难，分数90+,good
老师人很nice，上课炒鸡耐心！！,good
基本每节课都有小作业，最后期末考试交一份大作业和小测验，从来不点名,good
给分很低，慎选,medium
讲课很有意思，会拿现实案例来讲，就是给分有点低。。。。,good
中间写过几次推断死因。最后一次我推断的结论是对的，原因也不少，不懂为什么给分这么低,medium
挺好的，但为啥给分这么不好？我小测写的挺好啊,good
会有课堂小测，期末论文，挺好玩的,good
不点名，给分一般，讲的很有趣很好。适合对法医有兴趣的同学。,good
非常喜欢的一门课，老师讲课也很棒，给分也不错，平时不点名中间一次考核结课是论文，推荐。,good
不点名，写论文，中间有次课堂小作业，写推断死因。,good
讲课不错，但是最后成绩出来想不出为什么那么差。,good
冲着课程内容去的，老师讲得也挺有意思。除了ppt，还会讲一些他在工作中的经历与大家分享。中间有一次作业，期末交篇感想或者案例分析，给分83，给分一般，但是内容不错！,good
两次作业，期末开卷，给分还行,medium
每一次认真完成作业，期末87，，无聊,bad
考试小有难度，平时作业小有难度，不点名，给分不错,bad
有期中作业，做几道计算题，给分不错，从不点名,medium
中间有一次点名，时间不固定，就那一次我刚好逃了。。。。考试可以带电脑，考的东西都是ppt上的，中间有三次作业，前两次还行，最后一次非常难，以上,medium
卡了我绩点。。期末考试不难纯理论，平时有两次计算题作业,bad
给分挺好的，可代签，期末考试开卷抄ppt就行，有两次作业，课下做不用去,medium
中间两次作业，对不喜欢数学的人来说有点吃力；最后开卷考试,bad
开卷考试,medium
期末开卷考试，比较难找答案，上课挺无聊，每次都去88分,bad
点过几次名，有过随堂测试，中间要看网课做题，期末开卷，,medium
开卷考试，会有拓展性题目，最终分数由课上测验，小论文或PPT展示和期末卷面组成，内容有趣，从未缺课，但是给分是三门里最低的,medium
点名是硬性的，但是老师很随和，开卷考试，樱花节的时候会带学生去认识珞珈山的植物，蛮好玩的,medium
每节课用微助教签到，还有几次随堂测试，期末开卷。,medium
别选。。。,medium
挺好的,good
谢老师超nice的。和蔼可亲，还会带着我们出去认植物，现在武大的植物都能认个差不多了~然后下学期又选了他的基础生物学实验哈哈,good
期末开卷~需要在结课前写篇小论文或者是做一个小展示，有时会在微助教上做几道选择题，还有慕课算作补考勤的一部分成绩。老师讲课很有趣！！,good
会有随堂测试来代替点名，会有一个周末带同学们在学校里走走认各种植物，期末做一个pre，考试开卷，我得了90+，但是周围两个朋友感觉学得比我认真，却没上90。。,good
随堂测验有几次，加上了网上课程，期末一次展示一个小论文，考试开卷，90+,good
两次作业，小组展示，期末试卷,medium
老师讲的特别好，最后是一个问卷调查，还有一个比较简单的试卷，大体上没什么压力,good
交论文，要查重，给分可以,medium
讲的很好，期末交篇论文，平时有些课堂作业,good
还不错吧,medium
给分很好，老师人也不错,good
老师人很不错，讲的也不错,good
期末是调查问卷➕考试,good
老师讲的很好，很有意思的一门课，期末当时是一篇报告,good
每节课都要写些东西，不知道算不算变相点名，期末交的东西必须自己写，老师会拿去查重，最后85+,medium
老师很好，轻松过关,good
事巨多，各种展示课堂小作业加课堂感想，最后还有考试,bad
花式点名，花式作业，不过最后给分蛮高，95。感觉平时点名都是纸老虎。,medium
事情有点多，有考试有ppt,medium
老师讲课很有趣，的确是会学到很多东西！一次小组展示，期末开卷，但是给分不是很好,good
作业没有，就是老师上课会抽人起来回答问题，然后期末的时候，回答问题的同学都有加分，有期末考，开卷，,medium
给分挺好的，小组展示一次，期末开卷考试，课堂小作业几次,medium
课上得有点烂，给分也不够好,bad
小组展示一次，点名2-3次，课堂小作业2次，期末开卷考试。给分不错，98,medium
88分，开卷考试,medium
签到表签到,medium
666,medium
完全的水课,good
每节课签到，但给分很好,good
给分超级好，期末一篇论文,good
老师人不错啦，点名很水，论文也好写,good
平常签到。只有一篇结课论文，老师还说不建议超过两页纸。,good
不太喜欢老师讲课，很无聊，还有口头禅听着很不舒服。最后交一篇论文。,bad
每次签到，最后写一篇论文。90+,medium
老师讲课真的很无聊，但是给分好。期末交论文，手写有加分，90+,bad
能学到知识，给分也不错,good
还行,medium
操作特别好玩，很实用的一门课，不过想上90还是需要自己钻研,good
两个实验报告与上机测试，老师人很好，认真一点很容易90+,good
超级超级好的一门公选，教你用图像软件，在这个课学到了一些ps，态度认真的话可以轻轻松松90+,good
老师人很好，对于到课与否的要求非常宽松，只要期末两篇小论文和期末上机测试（考CorelDRAW）好好搞基本上就是90+，平时上课由老师在教室电脑上演示软件操作方法，有一点这类软件基础的话会觉得很简单，老师讲得也很慢很详细，总体感觉是很轻松，不用着急但能慢慢学到东西,medium
阔以,good
期末上机考试，用cdr画图，有点困难，不过如果你会用ps设计漂亮的logo会有加分，我当时考试那天给老师看了我自己设计的logo，最后90,medium
给分还可以,good
随机点名，上课中规中矩,medium
期末论文加实习课作业，简单，不多,medium
给分不错，期末是写论文加一个自己的作业,medium
考核交了论文和实习报告,good
中规中矩的课，只要实验课好好做，给分不错,medium
老师给分很高，平常点名少,medium
我是遥感院的，期末需要结合自己的专业在遥感领域的创新与应用写一篇论文，我......，没有满绩很意外，上机比较有趣，运气好可以接触到3D打印机,medium
很有趣的一些知识，不过入门刚好,medium
上理论课不点名，但有上机课，要签到，讲的东西还是比较实用的，给分一般,medium
小组展示,medium
基本上都是辅导员来讲的，除了朱俊勇老师讲的不错，其他基本上照着PPT读一读吧，老师们都没有创业经验，也不能太为难他们。给分一般般，基本上80多居多,bad
董芳教的，每次点到都在期末认真复习认真答卷只有80，建议不要选，讲课也挺无聊的，就这吧,bad
零基础好好学期末可以90+，闭卷，查学生证。每节课提问代替点名。最后也就学到会发音，会自我介绍，会问时间的水平。,good
很有意思的课。,good
老师超级niceeee！！！,good
期末论文，不点名90+老师超nice,good
讲课很有意思，给分很好,good
讲得很好玩超级推荐！,good
老师很有趣，期末交个创意报告,good
期末论文，老师很好,good
给分好，讲得好，点名基本上毫无压力,good
老师上课很有趣，期末写论文，给分很棒,good
老师人很好，nice！给分也很高,good
老师讲课挺好就是有点无聊，开卷考试，上课还是要听,medium
6周课第六周考试，交3次作业..........还是可以学点东西，但是挺无聊的,bad
平时不点名，期末开卷考一张卷子。,good
不点名，ppt讲课，两篇论文一次期末（开卷），给分80+……,medium
平时有三次作业，期末开卷考试，总体比较有意思，好好做作业答题就90+,medium
给分一般,medium
不点名，课比较无聊，开卷考，内容基本都是老师讲课PPT上的，给分一般,bad
一般般85+没问题,medium
一共三次课后作业，可以补交，邮箱电子版，期末自己打印ppt开卷，88,good
挺有趣的,good
给分不好,medium
上课讲PPT，老师很认真。最后开卷考试，认真抄书就能九十多,good
老师讲课挺有意思，最后是开卷考试简答题，有高中知识基本没问题，准备几本书，最后90+没压力。,good
开卷考，给分很好,medium
考试是开卷考试，平时讲课还是比较有意思的，老师也很好，基本不怎么点名...给分真的很好啊，我觉得我写的没有特别好还是90+，真的很棒了。,good
开卷，有一节期末复习课，期末考的简单（对理科生来说），带的资料也没什么用，随便写写就好啦。平时喜欢按院系点人回答问题，不过我全去了也没点我orz,medium
开卷考试，感觉讲的东西中学都学过，考试的话带几本高中生物书以及一本人类生物学就可以轻松过90啦。,medium
感觉跟高中生物差不多...期末考核是开卷考试的形式，最后一节课老师会梳理一下课程的重点，临考前百度一下相关知识点打印出来，考试直接誊写就是了，给分还不错，最后90+,medium
考试有难度，给分还好吧,good
从不点名，但是讲到老师认为和某个专业有关的问题的时候会点那个专业的学生起来回答，如果恰好不在的话。。。（已有物院同学中枪）。考试前一节课会讲考点，然后要提前多准备参考书,medium
事儿挺多，给分挺差,medium
学到很多..但给分真的低..有篇论文，考一两次试，最后一堂课去医学部做实验,good
要交一篇论文，有几次小测验，会有机会去医村看大虫子，给分一般,medium
内容很需要学习，但给分不咋地,medium
給分好低,medium
没有什么好说的，想学知识可以看书可以去蹭，但绝对不要选，给分超低,bad
上课会放很多寄生虫的图片，需要心理承受能力比较强的，会有小考，考的是上课教的，放题速度比较快，来不及用手机查，期末交论文，给分不高,good
考考考，大论文，略坑,medium
平时有小作业，考试，上课内容恶心给分真尼玛低74分见鬼去吧,bad
给分低,medium
期末交个大作业，平常不怎么点名,medium
ps大作业结束，都是上课讲的内容，上课认真听的话比较简单~给分不错，上台展示90+,medium
教一点ps的使用方法，期末教十几道作业，给分85+,medium
一般般，学不到特别多东西,medium
老师很棒，,good
最后要交作业，有一些是上课学到的,medium
抽查点名，期末交ps作业,medium
交作业就好啦稳，能学得东西不多，93,medium
考试交ps作业，上学期没点过名,medium
老师很好，轻松过关,good
要做团辅，第一节课分组，还要小组做影评展示PPT，要去中南老干科或者养老院，要写心得。均分90+,medium
平时是分小组回答问题，玩游戏什么的，平时不点名，因为大家一般都会到，最后给分是根据小组一起准备的一次观影的PPT，还有实践的感受，还有一个论文好像，给分很好。,good
绝对90+,good
上课会分小组做各种游戏，要课下看部电影之后有小组展示，最后一节课最好到，会签到，而且对平时分影响很大,good
很好的一门课哦，推荐单身的童鞋去，有惊喜哦,good
压力不大，本部的同学不嫌烦可以经常去听,medium
平时没有作业，单堂课程内容结束就下课（所以往往上不到两节课那么久）印象中也没点过名，期末一篇论文，好好写基本90+没有啥问题，会换不同的老师讲课，几个老师人都挺好的，中间有一次响应同学们要求讲了点男性生殖相关的内容，总之值得一选（就是悄悄说，我个人感觉在课上听不到什么新内容，可能是专业与之相关的原因吧。）,medium
93，给分很好，内容实用,good
中间交过一次作业，考试很简单，给分不错,bad
多位教师轮流授课，特别喜欢于小曼老师,good
不错,bad
一个团队的老师交替上课，等学到一点东西但有的老师讲的很粗糙，给分还可以。,medium
老师讲的好，跟分一般,good
很水,good
有好几个老师共同授课，考试开卷,medium
讲课每次不同老师。挺有趣味，考试太水。,medium
给分好像很多90，但我88...虽然没上过几次课,medium
开卷考，不怎么点名,medium
第一次课就会点名，而且只点了这一次,good
不点名，期末论文,medium
无点名,bad
不考勤，老师很好，考核一篇自己的旅游等的经历,good
没点名，论文结课，老师人很好，展示可以不用交论文，给分好,medium
期末一篇论文，课有意思，平时不点名，中间有一次室外课玩游戏,good
给分一般般,good
没点过名，论文写好了就90+,good
每节课介绍一个体育旅游专题，有远足、雪山攀爬、帐篷搭建、自行车等，也会让同学上台展示自己的旅游经历（有加分），课程内容还是挺有趣的。老师偶尔会随机抽院系点名，不过大部分都是一次没点过。中途会有一次类似于团建的课外实践课，期末上交一篇旅游攻略，给分还行。,good
老师讲课一般吧，给分还可以，期末论文,medium
给分还不错。,bad
水课必选。从不点名，但是上课其实也还行。期末一千字小论文。给分很好。,medium
这个老师讲课非常无聊，打着讲视觉艺术的名号介绍风水，对西方艺术有极大偏见，期末考试是要赏析他自己的画，还鼓励学生靠把赏析他画作的文章放到网站上来加分，总之就是不要选！！！,bad
水～,medium
粁论文,good
不点名，上课还好，考试论文无压力，给分很好,medium
会讲各种美的东西，很有趣,good
不点名，期末交论文，给分90+,medium
论文考核，上课就欣赏电影以及瓷器？？电影有意思的。平均给分较高，但我的不高,medium
其实是基础美术审美欣赏课，看了很多电影，其实讲得还可以，最后作业，轻松90+,medium
要交几篇小论文，最后闭卷考试，但是要考的内容会说，背下来基本上就没问题了，很简单,medium
老师课讲的还行，最后闭卷考试会画重点，给分很好,medium
没有基础又没有自学能力的人慎选，老师给分很好，关键还得自己努力多敲代码,good
没有c++基础千万不要选，难,medium
非理科还是不要选了，太难了,medium
每节课微助教签到，有时会有课堂检测，三次作业，但是认真学能学到很多，给分也很好,medium
每节课都要签到，用微信公众号，考核有三次上机作业和结课程序设计，学的不难，分数跟你每次作业完成的速度跟程度给分，选的话一定要认真学,medium
讲的可以，有三次小练习，最后小组展示，有一定的难度，平时需要认真学，至少需要有一些功底,good
考核以项目为主，作业难度不高，还是能学到东西，但是需要自己花时间做项目,medium
90,medium
93,bad
课程作业非常多上课经常签到……老师很认真负责能学到很多东西，就是略累,good
每次上机写作业，没有期末（大概,medium
老师很可爱，讲的也很基础，如果真的想学习C语言建议选专业课或者自学,good
每次课都会有上机作业，当然也可以后补，老师讲课很温柔，讲的也比较细，期末会有一次测验。认真听，是可以学到不少C语言基础知识，收获也是蛮大的，给分也很好，我记得我拿了99分,good
就是每次的上机作业和期末测验~老师会一点点教~也可以抱大腿~只要作业做完了给分就很好,medium
老师很好呀,good
总体感觉还不错！,medium
每节课都要做小作业，其实不会的话可以找同学帮忙，老师人很好，96分,medium
每节课都要上机训练,medium
老师人超级无敌好,medium
给分贼好,medium
老师给分超好，开卷考试,good
老师很认真负责，特别好，给分也巨好,good
平时会有小作业，老师人很好，期末就是平时作业的合集,medium
老师特别好,medium
每节课都有小任务最后合在一起变成最终任务，照着做就ok,medium
大学唯一一门挂掉的课~,medium
没好好听课，，，，给分不高,medium
平时会布置一些作业，期末有考试，很少点名，但如果没有学过乐器并且还不去上课，期末多半要挂,medium
不上课的话，考试可能是过不了的,medium
旷了两次课就跟不上了，最后七十多分，不过老师讲的还好,good
考试可以看任何资料，可以悄悄玩手机,good
有课堂测试，期末笔试可以带笔记，蛮难的,medium
偶尔作业，考试是笔试，还是有一定难度的,medium
哎，我也不知道吧，感觉期末考试也不难，照着书感觉都挺对的，给分贼低，伤心难过,good
上课是很有趣的，偶尔会有作业，作业就是考勤。给分的话真的不高~没有乐理基础的慎选,medium
给分低,medium
给分好,medium
给分还行吧,medium
小组展示加结课论文，给分还行,medium
一共点了两三次名，没有作业，有一次课堂小组展示和一片论文，给分比较严格,medium
抽查点名，尤其到了第三节课要做一个展示论文结课给分很一般,medium
考试开卷，不过得分略低,medium
开卷考试给分好,medium
给分不错，考试开卷,bad
缺一次考勤十分,bad
讲的很有意思，随机点名，期末论文一定要自己写，给分很好,good
给分超好，课也很好,good
一次小组展示，期末论文,good
随机点名，期末交论文,medium
几次点名，期末论文,good
好,medium
给分真的很好，但是讲的可能一般,good
小组展示，论文，给分好,medium
三次随机点名，期末论文，最后90+,medium
老师太认真了,medium
学过德语的毫无压力，一篇小作文自我介绍，期末考试很简单，老师很好,good
老师很可爱~,medium
学过德语的很方便，可以直接跟老师说自己学过，不用去上课，最后分数完全靠作文和期末试卷。没有基础的平常听课，把给的范围背了就行，得分在80+,good
好,good
给高分，值得选。,medium
是一个研究生小哥哥上课，讲的很棒，最后考试也很良心！,good
中间有一次自我介绍，期末考试完全按卷面给分，真的很低很低！！！还有人挂了的，拉绩点飞起啊！建议有基础或者非常感兴趣的人选，不然还是算了,bad
考试是全德语的试卷。,medium
给分很低，70+左右，如果只是为了拉绩点建议别报，她还会挂几个同学，而且老师性格很奇怪，会莫名其妙的发火。,medium
挺好玩的,good
用随堂小测代替签到，最后一篇论文，给分还行,good
每节课变相签到，最后交一篇论文,medium
每节课小测试代替点名，结课论文,good
每节课最后都会有随堂测试，是上课讲的东西，变相签到吧，最后期末交一篇论文，每节课都到，83分,good
上课内容确实比较无聊，每次都要交个课堂作业算作点名，不过考试是论文，随便写写，90分上下还算容易。,medium
每节课必有考试，考的都是当次课所讲内容。结课是论文，没有考试,medium
我是选的一学分的（2学分会有小组展示）。每节课快下课会有一个问题，需要写在纸上，有时候百度不到需要认真听课，答案多以人名为主，可边上课边记或拍ppt。没有作业，最后交一篇论文。给分还可以，88,medium
老师很好，但是不擅长还是不要上了给分一般,good
老师超棒，就是学街舞分组考核，给分90*,good
事多，给分的话我自己不算差,bad
事情稍微有点多，坚持下来给分不错,good
有一次小组课堂展示，期末还有一次闭卷考试，考试前老师发背诵资料，大概几页的样子，考试就是默写，记性不好或者懒得花时间背的就算了。。。,medium
几次作业，两次点名，期末闭卷考试，事儿有点多，但是给分很好,medium
老师人超好的，几次小作业，小组展示加最后期末闭卷，给题库，只要认真背了就能拿高分。,good
闭卷考试，给分可以,medium
老师很和蔼幽默，就是有作业闭卷考，不过给出考试范围，提前背一下就可以,medium
老师很负责任，讲课内容也很好，就是作业有点多,good
交几篇小作业，最后好好背提前给的期末考试题库就能90+,medium
交作业、闭卷考,medium
只要最后作业用心，老师不吝惜高分，第二门满分的课,medium
老师讲课很随性，挺有意思。考核是期末交一篇文章。,good
平时不考勤，最后交一篇论文就可以，形式比较随意，给分也还可以,medium
好课，甚至会讲PS主要功能的原理，学到很多东西,good
老师讲得很细致,good
教ps特别好，给分90,good
每节课有小作业，上课认真记步骤轻松完成，期末是综合大作业,good
每节课都会布置作业，但是可以后面再补。感觉这门课的实操性比本人图文设计专业课都强，可以学到Ps的很多基础知识，对以后提高和创作有很大的作用。,good
想学ps的同学一定要选，平时有小作业，期末大作业。能学到很实用的ps技术。90+,good
给分高每堂课有作业,medium
老师人很好,medium
有点难，但是很有用，老师超级好,good
每节课都有作业，相当于点名了，期末是自己上交一个作品，也挺简单，给分不错,bad
简单，开卷，高分，大家都懂,good
考试简单，给分好,medium
不点名，考试简单。,medium
老师不点名，平时无作业，最后开卷考试，给分好！,medium
不点名，无作业，考试简单,medium
老师很不错，不点名，没作业，结课考试是电脑上敲5个小程序，抄在答题纸上，给分好,good
老师人很好，虽然老师自己也说公选课不可能学的很深，最后只要课件上的题目会看到最后考卷上稍微改改就能拿到很好的成绩,good
99分，，只看考试，，巨好,good
开卷，给分好,medium
老师人很好，期末开卷,medium
每次课都要交作业，有点赶，也可以最后一起交。不过给分很好,medium
给分还行,medium
高基础，给分高,good
给分很好！老师人也很可爱！,good
有一个平时作业，写自己家乡的舞龙，一般是期末十个人左右舞龙看动作，给分可以，老师待人也很不错,medium
很有趣而且给分良心！,good
给分不错,good
每节课会讲很多access数据库的操作，内容有点多，不过大部分可以在书上找到，讲完后会有几个小问题，当堂交，会有记录，每次课会有作业，在截止时间前做完。期末会有一次综合大作业，是对前面所有作业的综合。老师很温柔，给分真的特别好！,medium
每节课都去作业都提交，给分高,medium
给分很好~~,medium
老师很认真。实验好好做每次课都到就90+,medium
还行,medium
老师人超好，讲的或许会有些快，要好好听才能跟上，但给分超高!!!!,medium
给分高,medium
平时作业就是大考试，平时作业记得翻书，作业不难但要上点心，，给分特别好，上课的话。。反正听不懂，不过有小问题当考勤，要注意,bad
给分很高,medium
不点名，期末考试简单,medium
累死累活。最后只给一次机会跳一段。,good
老师教的很认真，每节课签到，不用花课下时间，每节课只要认真学最后就没啥问题，最后会考一小段，还能锻炼身体，性价比很高的一门公选课！强推，期末96,good
给分很好！老师人也很可爱！,good
有一个平时作业，写自己家乡的舞龙，一般是期末十个人左右舞龙看动作，给分可以，老师待人也很不错,medium
很有趣而且给分良心！,good
手写论文,medium
一学期大概三次正式点名，用微助教，老师人很好，说上课感兴趣就听，不感兴趣可以做其他事。期末一篇论文，提前布置。中间有一次课堂展示，是加分项。,medium
给分不错,good
每节课会讲很多access数据库的操作，内容有点多，不过大部分可以在书上找到，讲完后会有几个小问题，当堂交，会有记录，每次课会有作业，在截止时间前做完。期末会有一次综合大作业，是对前面所有作业的综合。老师很温柔，给分真的特别好！,medium
每节课都去作业都提交，给分高,medium
给分很好~~,medium
老师很认真。实验好好做每次课都到就90+,medium
还行,medium
老师人超好，讲的或许会有些快，要好好听才能跟上，但给分超高!!!!,medium
给分高,medium
平时作业就是大考试，平时作业记得翻书，作业不难但要上点心，，给分特别好，上课的话。。反正听不懂，不过有小问题当考勤，要注意,bad
给分很高,medium
好课，甚至会讲PS主要功能的原理，学到很多东西,good
老师讲得很细致,good
教ps特别好，给分90,good
每节课有小作业，上课认真记步骤轻松完成，期末是综合大作业,good
每节课都会布置作业，但是可以后面再补。感觉这门课的实操性比本人图文设计专业课都强，可以学到Ps的很多基础知识，对以后提高和创作有很大的作用。,good
想学ps的同学一定要选，平时有小作业，期末大作业。能学到很实用的ps技术。90+,good
给分高每堂课有作业,medium
老师人很好,medium
有点难，但是很有用，老师超级好,good
每节课都有作业，相当于点名了，期末是自己上交一个作品，也挺简单，给分不错,bad
每节课都有作业，所以有可能拖堂。但是可以学到很多。,good
当堂交上机作业，老师给分超级高，讲的也很棒,good
老师人很好，只要上课认真听讲，按时完成作业，老师给分挺高的，也会学到很多,medium
每节课都有课堂作业，题目就是上课讲的，不会的可以问老师，老师很温和很耐心，偶尔会有签到，每次课都去且完成作业，期末90+,medium
还行，平时作业都交了就行,medium
群里一溜的我何德何能能得那么高的分。只要每次都交随课作业，基本就能90。作业有十次，前6、7次哪怕是小白问一下老师和同学也能很轻松的做出来，后面就涉及到统计学较为深奥的知识还有英文什么的，看的人眼花缭乱，然而只要交作业也会有88，89。,medium
每次交作业，老师会手把手交怎么做,bad
每次交作业，计平均分，给分较高,medium
虽然每节课都考勤（要交课堂作业），但是只有六周，期末交论文+ppt，给分挺好的,good
给分一般，但是也还ok,good
不少内容高中生物课（选修3）讲过,good
每节课后用手机做题，顺便作为签到，期末一篇学习心得，给分很好，最后88,good
卡绩,medium
还不错吧，专业知识不够听得懂但记不住，每节课后用微助教出5道题考作为平时成绩，期末写论文，90+,good
老师讲得很棒，受益很多，每节课一定要到，期末论文就是谈一谈自己的收获和感想,good
微信定位签到，课堂在线小测验，期末论文（自己交到医村或者结课前提前交给老师）。我最后也就87，听说有同学每次按时到课最后论文也好好写了，然后得分七十多分，有点不知道为什么。,medium
期末交论文，平时每节课微信定位签到，上完课有课后测试不过不难认真听的话都可以做对，老师讲课很仔细，内容挺多,medium
微助教定位签到，，期末论文,medium
每节课会通过微助教答题及签到，题目很简单，上课听一下就能全对，期末一篇论文，会换几个老师上课，都挺幽默风趣的,good
每节课都有一份小测验（微助教，约5道选择题），还有签到，占总评30%，不过测试内容只要听讲都能答出来，还可以百度（做完正确答案就出来了，所以可以一人先做，然后互帮互助）。第一二次课没去还可以补签到补测试。最后是交论文。我有90+,good
每次课的老师都不一样，期末考心肺复苏实际操作加线上答卷。,good
讲了不少常见情况的急救措施，对日常生活突发情况还是挺有帮助的。最后给分很迷，一个假人cpr操作考试，一个线上问卷星开卷答题考试，cpr考试我九十多分，最后总评80,medium
考试很坑，三组考试给分标准不一样，我们组给分不高，还有一次网上考试,medium
会有实践能力考核（就是cpr），挺让人收获颇多的，不过这学期期末测试改成了在线上用问卷星，给分突然变得迷了起来……,medium
呵呵，只想呵呵,bad
考核分两部分，一部分人工呼吸心脏按压的操作考试，一部分期末测试，今年期末测试采取的是问卷星的方式，答得令人绝望，老师设置错了，答题不能有标点，只能用汉字，数字都不行，这是一个问卷设计失误的地方。给分的话，我不知道别人，我就80几分，可能跟最后的期末有关吧……,bad
很实用，给分也不错，考核方式是CPR操作和期末论文,medium
还可以的,medium
有实践操作，最后论文认真写90+,medium
很好的一门课，没点名，一次课堂实际操作必须去，去了的基本90+，基本学会了心肺复苏的基础操作,good
有户外实际逛珞珈山认植物，汪小凡老师超级棒，特别喜欢老师，给分也很不错,good
期末抱大腿，课很好玩，很有趣,good
很好玩的课,good
强烈推荐这门课！！能学到很多知识！老师会带我们在校园里认植物！考试非常简单！,good
考试一百道题，辨认植物。基本都是PPT上面的。,medium
我觉得老师一直在介绍各种植物的识别特征，最后考的也是如何识别植物。看每个人的兴趣吧，这些内容不是很合我的口味。,medium
最后考试有点痛苦。最好和小伙伴一起选课可以悄咪咪交流答案。植物痴被卡绩点了qaq,good
很好,good
本以为是很有趣的课，很多人都觉得很有趣，但是我个人感觉一般，跟预期落差很大，而且考试挺难的,medium
讲的很有意思，考试有点难,good
有一个分组写论文或者写策划案，然后最后有一个开卷考试，老师很好，讲课风趣，最后90+,good
老师人很好，每堂课交小作业，很简单老师会给详细步骤，期末叫一篇论文一个ppt，老师强调不查重，作业都交了90+,good
每节课都有小作业，，不听，不行,medium
每次课都要交作业，有点赶，也可以最后一起交。不过给分很好,medium
很不错的课，无点名，考试跳一段,good
有大佬带我..但是我和大佬得分都贼差。,medium
真的很认真跳了，然而老师说太活泼了于是只有83,medium
挺好的课，教华尔兹和水兵舞，有兴趣就选吧,medium
挺不错的，主要是期末要找个舞伴一起考核,good
给分太低了,medium
有基础可以不上课直接考试哈哈哈哈哈，给分还不错,medium
跳舞的课四肢不协调硬伤,good
给分可以，就是有点累,good
水上划龙舟，很有意思就是太累了,good
只要每次点名到，动作标准，轻松90+,good
对身体好！，还有就是，划船真好玩！,good
分数设置很不合理，看轻考试论文，过分注重考勤，完全不能翘课,bad
每节课都点名，每节课都到的基本都是90+，能到东湖划船，还是有点意思的，就是有些累（,medium
可选择对墙连打60以上或10个正手，10个反手，同其他球类运动一样，需要课下练习,good
考试还行，两道大题没写，92,bad
好像每节课都会有作业，但是去一两次就行了，给分很高，期末考试是上机，有点基础对着书抄就好了。,bad
作为文科生的我真是平时认真听也听不懂，期末基本啥都不会，老师讲课速度很快，基本一节课不去就听不懂老师讲什么了,medium
不点名但是每节课上交作业，所以……课程内容感觉和自己看书自学没太大区别。,bad
平时上机比较多，能学到很多,good
给个差评。考试贼烦，每节课还要交作业。在机房上课，坐后面看不清投影、、,bad
每节课都有小作业在机房才能提交相当于点名了，不过老师给分非常不错,medium
每次都要上机交小作业，不过难度很小，一般都是老师上课带着做一遍就OK了,medium
期末开卷上机，电脑白痴表示有点难，平时每节课都是上机，都要交作业，所以就是间接点名了。,medium
每节课会有作业，相当于点名，主要靠自学,medium
每节课都有作业，所以有可能拖堂。但是可以学到很多。,good
当堂交上机作业，老师给分超级高，讲的也很棒,good
老师人很好，只要上课认真听讲，按时完成作业，老师给分挺高的，也会学到很多,medium
每节课都有课堂作业，题目就是上课讲的，不会的可以问老师，老师很温和很耐心，偶尔会有签到，每次课都去且完成作业，期末90+,medium
还行，平时作业都交了就行,medium
群里一溜的我何德何能能得那么高的分。只要每次都交随课作业，基本就能90。作业有十次，前6、7次哪怕是小白问一下老师和同学也能很轻松的做出来，后面就涉及到统计学较为深奥的知识还有英文什么的，看的人眼花缭乱，然而只要交作业也会有88，89。,medium
每次交作业，老师会手把手交怎么做,bad
每次交作业，计平均分，给分较高,medium
能学到一些有用的检索知识，有几次课堂作业和几次签到，期末开卷考试，但个人感觉考试时间比较紧张，差点没答完。老师人很好，给分不错。,medium
学到很多东西啊，特别是利用图书馆资源方面。平时有几次小作业，期末是考试，还挺简单的，只要听过课就行。老师人挺好。,good
