0,1
理论、实践课结合，会随机抽两次平时成绩，去的多老师会记得，能学到东西，给分高,good
认真学就会得高分，确实能学到不少东西,good
上机时会点名，还有记录课堂作业成绩，。平时不会点名。给分很好。,good
说来惭愧一共两次点名一次没到，最后的作业完成的也不好，老师给了89分。老师讲得很不错，PS和CDR都是很有用的软件，推荐。,good
抽查式点名，前面都不点后面突然开始点名，点名是走到面前一个一个点，不过好在给分很高，考试简单,good
老师上课不曾点名，但是如果有人上课次数实在太少她是会发现的。这门课真的是可以学到一些东西，给分90+,good
期末论文加实习课作业，简单，不多,good
给分不错，期末是写论文加一个自己的作业,good
考核交了论文和实习报告,good
中规中矩的课，只要实验课好好做，给分不错,good
老师给分很高，平常点名少,good
我是遥感院的，期末需要结合自己的专业在遥感领域的创新与应用写一篇论文，我......，没有满绩很意外，上机比较有趣，运气好可以接触到3D打印机,good
很有趣的一些知识，不过入门刚好,good
上理论课不点名，但有上机课，要签到，讲的东西还是比较实用的，给分一般,good
小组展示,good
基本上都是辅导员来讲的，除了朱俊勇老师讲的不错，其他基本上照着PPT读一读吧，老师们都没有创业经验，也不能太为难他们。给分一般般，基本上80多居多,bad
董芳教的，每次点到都在期末认真复习认真答卷只有80，建议不要选，讲课也挺无聊的，就这吧,bad
零基础好好学期末可以90+，闭卷，查学生证。每节课提问代替点名。最后也就学到会发音，会自我介绍，会问时间的水平。,good
很有意思的课。,good
老师超级niceeee！！！,good
期末论文，不点名90+老师超nice,good
讲课很有意思，给分很好,good
讲得很好玩超级推荐！,good
老师很有趣，期末交个创意报告,good
期末论文，老师很好,good
给分好，讲得好，点名基本上毫无压力,good
老师上课很有趣，期末写论文，给分很棒,good
老师人很好，nice！给分也很高,good
老师超级nice的，讲课很有趣，期末交一篇论文，没什么压力，给分很好,good
期末一篇论文，没有考试，轻松90,good
讲的内容很棒，期末从选题里写论文，给分不错,good
上课带我们玩数独、小鳄鱼、德州扑克什么的，结课一篇论文，描述自己的想法就行，连资料都不用查的那种,good
很有趣，还带领我们炒股,good
上课用微信点到，讲课有点用,good
作业就最后的一篇论文，老师挺有趣的，给分也很好,good
老师是真的好得没的说，上课打牌赢了的钱发红包，给分超级好~,good
人特别好，给分特好,good
给分很好,good
给分很好，不考勤最后交论文。,good
讲课生动，给分好,good
很有趣的老师，给分好，课堂气氛活跃，讲的东西很有趣,good
老师讲的很好,good
给分很好，论文结课,good
考核方式是写小论文，可以迟交，老师很有意思,good
老师人很好,good
老师人很好,good
老师上课很有趣，有一次课堂作业，期末交一份APP创意论文就行，给分很好,good
老师超好，讲课引人入胜，内容都很有趣，期末交论文，老师给题目，自拟也可以,good
期末论文，老师人很好,good
被卡绩了,bad
老师人好，上课有趣，给分高，期末交论文,good
上课好玩儿，给分轻松90+,good
老师人特好，没去过，90+,good
老师很认真负责，但是为了照顾没有相应软件知识的同学所以问题分析的都不深入，最后交一篇论文，大约三次课堂作业。,good
老师人超好，上课也很有趣，有一次课堂作业，期末论文，超级推荐啊！！,good
老师很好，作业也不难,good
老师人很好,good
老师真的超好，给分也很高，很简单,good
老师超级好！有一次课堂作业（变相点名）但会在群里提前说，上的课也很有趣，给分高,good
给分好，最后写论文，上课老师带着玩手机游戏,good
老师讲课很棒，最后交一次论文轻松90+,good
老师明确说了不会为难大家,good
很有新意能了解到很多看书看不到的东西，，，老师很有趣啊~,good
给分良心，不点名，老师讲的很好,good
给分真差,bad
推荐，最后写一篇论文，90分。,good
给分真差,bad
从来不点名，期末交一个自己创意APP，很简单，受益匪浅，91,good
老师上课挺有趣，本身就不是很学术或者说很有用的课，事少，最后论文APP设计创意，我本身也觉得挺有趣，大开脑洞的好机会,good
老师很有有趣，眼光很长远，课程非常有意思，最后大作业设计app，很简单，很实际,good
有两次课堂作业，交一次就OK，期末交一篇论文，给分超好,good
给分真是，太！好！了！而且老师很好说话！,good
不点名，会有一次课堂作业，期末交app设计方案，轻松90+，墙裂推荐,good
老头好有意思，一定要选这门课啊,good
老师特别好,good
这个课很有趣，可惜今年没有了，轻松90+，一篇论文，不用学任何代码等专业知识,good
老师很幽默。产品经理们可以选，想写程序的得选这位老师的另一门课了。,good
给分非常好，讲课非常有趣，一次作业，一次论文，无考试。,good
有几个小作业，老师非常幽默，而且老师给分很好~90+，强推,good
老师非常有趣！课堂气氛特别好。给分也很高。,good
老师很有趣讲炒股啊什么的，不过最后有点卡绩点，期末是根据自己的专业设计一个APP，构想,good
老师很棒！！,good
老师人很好啊，讲课也很好玩，很强调创意，值得听，并且给分也不错,good
挺好的吧，老师人很好,good
无聊,bad
小论文，强烈推荐,good
上课很有趣，不是叫老师的赌博经历，就是看老师玩手机，期末交一篇论文，给分科学。,good
基本不点到，只是有一次上课用纸条回答，期末一篇论文，给分很好，而且老师讲课很有趣上课还给我们演示德州扑克怎么玩,good
简单有意思的课，最后结课是设计了一个app界面？老师说不会做用手画都行哈哈，96,good
老师贼有意思，给分很好,good
老师很有趣~,good
老师是个很幽默风趣的老头，思维活跃，推荐,good
老师人超级好！讲课很有趣！给分也赞，而且大一可以选上！不过也就第一天可以…,good
不点名，老师会推荐一些有趣的APP，给分良心,good
给分高,good
中间只有一次点名，是写一个App交上去，课堂有趣，期末写一篇小论文，感觉字数够多就可以，后来我都没去了，但论文写的多，也有90+,good
中间有一次课会提问，当堂交。老师超级有趣，讲课风格幽默。期末交一篇对某个创意的想法，很随意，不算论文。我当堂交的作业都没听清什么问题，最后给分还是90+,good
无点名无考试，期末交一个简单的作业就85+，平时讲课也很好玩，碰上假期补课老师还会取消那次课,good
从不点名，只需最后交个作业，作业也很简单，给分很赞,good
第一次课有写个常用app当课堂作业，没做的之后可以补。讲的很好，都是干货。最后交论文分析app或者自己想一个app，感觉自己想的app的分数会比较高,good
老师很风趣，给分也很好,good
老师讲课很好，很风趣~,good
上课无压力，绝对好课,good
结课写分析app，给分很高,good
上课相当轻松，老师讲课幽默风趣，还会演示各种手机app和游戏，有节课讲手机游戏，结果玩了3节课游戏o(∩_∩)o，,good
只要交了作业什么都好说，上课质量还不错,good
给我的分太低了！！！,bad
我跟我朋友都是74分T^T哭晕T^T,bad
最后的作业是写一篇论文，老师讲得很有趣,good
只有六节课，随机一节课交作业算点名，只有一次。最后作业交一个手机APP的脑洞，或者一个手机app的分析，很简单。老师人也很好。,good
没有点名，老师幽默，课程有趣，论文简单。,good
考核很简单，老师人很好,good
老师上课很有趣，考核完全无压力。,good
还不错,good
老师讲课很有意思~考核可以代签，最后的论文自己随便想了一个app交上去，居然也有90+,good
很好的一门课哦，不去也没事，去了收获也不小，最后交一篇论文就OK了,good
选了绝对不会后悔~,good
最后一次课当堂论文，无点名无考试；给分很高90+；老师是个很幽默的老头，人很nice，介绍一些有创意的手机应用，并教给你想出创意的方法，很有启发,good
老师人很好，给分也高。,good
虽然老师看起来有点年纪，但实际上很与时俱进给分还不错,good
很多次不去期末作业都晚交还给我90,good
老师讲课挺好，开卷考试，上课还是要听,good
6周课第六周考试，交3次作业..........还是可以学点东西，但是挺无聊的,bad
平时不点名，期末开卷考一张卷子。,good
不点名，ppt讲课，两篇论文一次期末（开卷），给分80+……,good
平时有三次作业，期末开卷考试，总体比较有意思，好好做作业答题就90+,good
不点名，课比较无聊，开卷考，内容基本都是老师讲课PPT上的，给分一般,bad
85+没问题,good
一共三次课后作业，可以补交，邮箱电子版，期末自己打印ppt开卷，88,good
挺有趣的,good
不点名，开卷，给分一般,bad
89分，给分不错,good
没点名过，开卷，然而给分实在是惨,bad
有三次小论文，不知道为何，作业好好写了，开卷考试却。。。给分实在郁闷,bad
不点名，但平常会有几次作业（而且随堂布置），考试开卷。不过给分不理想。,bad
考试开卷，基本找书抄就行了，三次课后作业，给分90+,good
讲的还不错，没有点过名，有三次课后作业，最后开卷考试，在图书馆借他编的那本书啊，ppt上啊都可以找到的，给分也挺高的。,good
给分好,good
上课讲PPT，老师很认真。最后开卷考试，认真抄书就能九十多,good
老师讲课挺有意思，最后是开卷考试简答题，有高中知识基本没问题，准备几本书，最后90+没压力。,good
开卷考，给分很好,good
考试是开卷考试，平时讲课还是比较有意思的，老师也很好，基本不怎么点名...给分真的很好啊，我觉得我写的没有特别好还是90+，真的很棒了。,good
开卷，有一节期末复习课，期末考的简单（对理科生来说），带的资料也没什么用，随便写写就好啦。平时喜欢按院系点人回答问题，不过我全去了也没点我orz,good
开卷考试，感觉讲的东西中学都学过，考试的话带几本高中生物书以及一本人类生物学就可以轻松过90啦。,good
感觉跟高中生物差不多...期末考核是开卷考试的形式，最后一节课老师会梳理一下课程的重点，临考前百度一下相关知识点打印出来，考试直接誊写就是了，给分还不错，最后90+,good
考试有难度，给分还好吧,good
从不点名，但是讲到老师认为和某个专业有关的问题的时候会点那个专业的学生起来回答，如果恰好不在的话。。。（已有物院同学中枪）。考试前一节课会讲考点，然后要提前多准备参考书,good
考试的开放题有点难，需要之前每节课的知识融会贯通，而且讲课无聊,bad
讲课略无聊。。一直在讲PPT。。最后开卷考试但是都是开放题，也有难度,bad
从不点名，考核简单，开卷考，回答几道大题。,good
老师人很和蔼，但是讲课相当枯燥,bad
得了83分,good
平常上课讲PPT，期末开卷考，没有买他推荐的书，考起来还好，就是枯燥无比,bad
表示推荐的教材和考试联系并不大，考前会讲考点,good
每堂课交作业，期末开卷，90+,good
没碰到一次点名还可以提前下课，最后考试多借几本书就可以取得不错的分数啦~,good
给分很好，上课不听或者不去考试可能会答不出来，考试前一节课会说考点，老师挺好滴~,good
事儿挺多，给分挺差,bad
但给分真的低..有篇论文，考一两次试，最后一堂课去医学部做实验,bad
要交一篇论文，有几次小测验，会有机会去医村看大虫子，给分真好,good
给分不咋地,bad
給分好低,bad
没有什么好说的，想学知识可以看书可以去蹭，但绝对不要选，给分超低,bad
上课会放很多寄生虫的图片，需要心理承受能力比较强的，会有小考，考的是上课教的，放题速度比较快，来不及用手机查，期末交论文，给分不高,bad
考考考，大论文，略坑,bad
平时有小作业，考试，上课内容恶心给分真尼玛低74分见鬼去吧,bad
给分低,bad
给分低,bad
3次测验，给分低,bad
期末是交论文...给（我的）分略坑,bad
不点名，六次课有三次随堂测验，测验内容是PPT讲的，听课就不难，会放一些寄生虫的图片，还有宣传预防寄生虫的视频等等，有的略恶心,good
期末交个大作业，平常不怎么点名,good
ps大作业结束，都是上课讲的内容，上课认真听的话比较简单~给分不错，上台展示90+,good
教一点ps的使用方法，期末教十几道作业，给分85+,good
学不到东西,bad
老师很棒,good
最后要交作业，有一些是上课学到的,good
抽查点名，期末交ps作业,good
交作业就好啦稳，能学得东西不多，93,good
考试交ps作业，上学期没点过名,good
老师很好，轻松过关,good
作业好好做，我没有展示，最后也有90+,good
给分很好，会点名,good
抽查点名，期末交ps作业就可以了,good
讲ppt，平时没作业，期末交一份ps作业就可以，给分还可以,good
上课会抽查点名，老师讲课速度很快，给分还不错87,good
结课有PS作业，能学到一些有关色彩搭配和PS知识,good
期末交作业，给分好，少点名,good
上课抽几个点名，基本按ppt讲，会有ps实际操作。很实用老师人挺好，最后结课作业做好按时交就可以。,good
期末PS大作业，平时也没什么事，偶尔点名，讲的还不错，给分很好，认真作业90+,good
给分挺好的，老师人也好，期末没有考试做作业……总之推一下,good
给分还好，考核是一堆ps作业,good
卡绩89,good
期末电子作业，给分很好，不点名,good
最后考核是交了个设计，给分超好。,good
PS作业,good
上课的内容有点迷~，，但最后作业是ps操作，，，给分还可以,good
PS作业，难度不大，给分不错，授课挺有意思的,good
课上理论知识讲得比较多，会有几次签到。考核方式是PS作业，略有难度，认真完成的话给分不错。,good
期末大作业，交了完事，也不算难,good
老师给分蛮坑的，做了展示说是90+最后85都没有，真的无语，不怎么来上课的人有的还有90+，,bad
平常没有作业，考试一个大作业，量小，给分高，偶尔点名,good
PS，期末作业挺难的,good
作业难,good
2次签到，一次期末作业,good
期末大作业，认真完成90+，老师讲授的知识很实用,good
老师人很好，我一次课程没去还能上85分，期末交作业,good
给分不是很好，作业难度一般，如果了解不多会有些麻烦,bad
作业认真做，90+就无压力了，上课讲PS可能讲的快了点，还有一些技术理论上的东西，感觉对深入理解PS还是有用的,good
期末交做一个ps作业，都是老师讲过的。上台展示ps技术加分。,good
最后考试是PS的作业，认真完成，步骤清晰，分就会挺高的,good
能学到很多技巧，推荐给有兴趣的同学，，会布置期末作业，给分很高,good
每节课必点名，要是逃课被发现可能很大程度上影响分数。期末习题总共十三道，会发课程PPT，只要看了PPT做题目详细一点的话90+超级轻松~,good
作业就是PS作业，平时上课内容很多，技术性强，给分90+,good
讲的偏原理，期末交作业。作业一开始就布置了，做的方法每节课讲。给分挺好。,good
棒,good
好！,good
忘记了，反正不是考试。不难。,good
老师讲得不错，中间有小作业，上课主动展示，90+无压力,good
课程还是比较有用，教PS的。很容易高分,good
点了好几次名，期末一个十几题的作业，步骤要写认真详细，给分不错。,good
点了三次名好像，期末交一份作业，最后一节课会有上台分享的机会，做分享都会90+，我没分享认真完成了期末作业也90+，还是挺实用的,good
教PS的，最后上台展示，随便准备一下就行了，90+,good
PS小白可选。经常点名，平时事少，考试要求交一份量比较大的作业有十几题的样子。没有参与展示，90+。,good
老师讲的还不错，给分贼好,good
期末作业，刚开始是理论，之后带电脑去学ps。做展示有加分。我没做展示，最后是92,good
给分不错,good
讲课不是特别有趣，而且有些会更偏遥感方面的内容，结课交大作业，可以慢慢做。给分挺好。,bad
上课有时讲得比较快，毫无基础的人上课走神的话就听不懂了。作业比较多，用心做，多问问多搜索就OK的,good
可以学到很多知识，作业有点麻烦，但给分高,good
最后考试是交一份PS作品还比较简单,good
很有用的一门课，老师人很好,good
教ps,good
给分好90+，会抽查点名，能学到知识。,good
讲课略无聊,bad
不定期会点名，上课没怎么听，但是只要懂一点PS简直无压力，作业做完后90+,good
老师明言说了，只要最后上去讲了一个PS的简单用法，保证有95+，我不清楚那些啦，但是我对PS完全不熟，最后花了一天时间把那个十几道题目做完（做的认真，步骤详细就给高分），给分90+,good
给分很不错,good
作业略难。。。,bad
主要是讲怎么用ps处理图片，老师讲的挺好的。大概点名三四次的样子。期末交作业，都是上课时讲过的，挺简单的。给分90+,good
没有考试，最后一次大作业，就是ps，不算难，给的时间也比较长。平常偶尔有签到，课程最后上去展示可以加分。,good
上课会讲一些ps,good
偶尔点名。期末交一个作业，用心做的话有点费时间，但是收获很大。ps技术进步不少,good
每节课都有点名，前两节课讲一些专业知识，最后会有PS例题讲授。给分85+,good
事情多，给分低，不好,bad
会点名，期末作业写ps教程有点麻烦，但给分很高,good
刚开始的两节课讲理论，比较无聊，熬过来就好了，后面会换老师，之后的老师讲得很实用，很易懂，课堂展示参加的话应该会加分,good
授课很无聊，还在信息学部，最后作业是PS,bad
前半学期讲数字图像的理论，后半学期带电脑上课教ps各种技术，如蒙版应用，抠图什么的，最后一次课会有同学准备一些ps技能展示与介绍，大家可以一起分享还可以学到一些比较实用的技术,good
考试主要就是PS作业，量不少，但是难度不大。女老师还挺幽默的。总体来说不错的课程。,good
大作业写好了90+,good
最后的ps作业只要听了课，就挺简单的，最后一题是要设计一张个人的照片名片……分数90+,good
没有考试，给分高，上课好玩，是个好课,good
压力不大而且老师讲得好,good
没有考试，只有大作业,good
讲的一些PS的基本理论和操作，一开始听理论听感觉还挺复杂，最后的作业就是一些PS操作，不算难，给分挺高的,good
只有最后几节课点名,good
期末考开卷，平时不点名，但是课程难度较大，90+,good
期末考写一篇文章，平时偶尔点名，90+,good
感觉不是很好的一门课,bad
挺好，理论有些无聊，最后教授ps技巧的时候就很实用，会不定期点名，会叫人上去演示小技巧，上去演示的都是高分，不考试，期末交个作业，认真做就好。我得分90+,good
……我十分后悔就是了。,bad
作业难，，，就是ps各种知识，实用性挺强的。认真的话能学到很多。,good
最后交大作业，不过作业有点难，但是给分很好，90+,good
没有考试，只有大作业，前面的老师照本宣科，后面的女老师讲得很好，认真完成90+,good
要做团辅，第一节课分组，还要小组做影评展示PPT，要去中南老干科或者养老院，要写心得。均分90+,good
平时是分小组回答问题，玩游戏什么的，平时不点名，因为大家一般都会到，最后给分是根据小组一起准备的一次观影的PPT，还有实践的感受，还有一个论文好像，给分很好。,good
绝对90+,good
上课会分小组做各种游戏，要课下看部电影之后有小组展示,good
很好的一门课哦，推荐单身的童鞋去，有惊喜哦,good
压力不大，本部的同学不嫌烦可以经常去听,good
平时没有作业，单堂课程内容结束就下课（所以往往上不到两节课那么久）印象中也没点过名，期末一篇论文，好好写基本90+没有啥问题，会换不同的老师讲课，几个老师人都挺好的，中间有一次响应同学们要求讲了点男性生殖相关的内容，总之值得一选（就是悄悄说，我个人感觉在课上听不到什么新内容，可能是专业与之相关的原因吧。）,good
93，给分很好，内容实用,good
中间交过一次作业，考试很简单，给分不错,good
多位教师轮流授课，特别喜欢于小曼老师,good
不错,good
一个团队的老师交替上课，等学到一点东西但有的老师讲的很粗糙，给分还可以。,good
给分真差,bad
很水,bad
老师上课很水,bad
有好几个老师共同授课，考试开卷,good
讲课每次不同老师。挺有趣味,good
给分好像很多90，但我88...虽然没上过几次课,good
开卷考，不怎么点名,good
只要认真听不会做不上的，开卷,good
老师讲课很有趣,good
平时没有作业，期末写两道大题,good
有广告学的许多老师共同授课，可以接触到不同领域的创新思想，在一个课头里见识到许多老师真正的风采！期末两道大题开卷考试，与上课内容和自己的专业有一定关系，给分89,good
真的牛逼，好课,good
挺有意思的课,good
期末会有几个问答题，虽然说不让用手机什么的，但是监考力度不大，可以自己操作一波，但是如果没有好的idea，很难上90+,good
没什么作业，最后一节考试，挺简单的,good
老师很有趣，最后开放性考试，只有两三道题,good
还行，讲课很有趣,good
老师讲课十分有趣,good
最后开卷考试，开放性试题，从不点名，没有作业，89,good
老师上课特别有意思，不过经常换老师。不点名，平时上课会分析一些案例和看视频，做一些笔记考试用得到。开卷考,good
课讲的还不错，如果追求奖学金的话慎选,good
很有趣～,good
基本不考勤，其中几位老师讲课不错。给分很好,good
给分原来90+很多。。。这学期加大力度，90+大大减少了,good
老师团队授课，每位老师都会介绍某一专业领域的创新思维，比如广告、摄影，每位老师口才都很好，讲课富有激情。课堂纪律很松，可以做自己的事，期末现场论文。,good
88分,good
从来没去过。。有一次课堂作业，但是给分很好，最后一次课完成考试,good
小曼老师讲课很有激情，讲的很好，然鹅喜欢卡绩点。。。89分,good
非常好，考试很简单,good
上课水、考试随堂也很水，类似于结合本专业谈谈你对创新的理解之类的，总之也不是进了保险箱吧大家摆正心态选课，不要像我一样绩点被反拉心态爆炸,bad
没有平时作业，不点名，期末两大题，回忆一下上课讲的内容就ojbk了,good
最后闭卷考试，就两个大题，一个是令你印象深刻的一节课以及原因，一个是谈谈关于自己专业领域的创新，只要平常听过一两节课，基本OK。但我好像卡绩了……,good
老师每节课都换，肯定不点名,good
超级好，很有趣，不点名，考试就是自己写点看法什么的,good
没有作业，不点名，考试简单就两题，不需要记背，86,good
真的给分超级好,good
三个老师轮流讲，有课堂小作业，变相点名吧。结课考试（一次简单的开放型笔试）,good
不上课无压力，最后开卷考，给分好,good
从不点名，最后有一场简单的小笔试。不过有一道题目是这堂课老师所举的哪个案例给你留下了深刻印象...,good
最后开卷，平时换老师上课所以也不点名，给分还可以90+,good
不怎么考勤，最后开卷考试随便写写，给分高,good
讲课有趣,good
有作业最后一次课交，然后结课考试,good
就论文，给分很高,good
很轻松，每节课一个新传院的老师来讲课，不点名不签到，讲一些广告方面的创意。最后写两个逆向思维案例，再设计一个广告，都很简单。,good
几个广告系的老师一起讲，挺好玩的，一次作业一次比较自由的考试，期末90+，注意审题,good
老师很负责，讲得很好,good
讲课比较有意思，，给分也可以，期末小考试，,good
课程组授课，老师讲课还行，期末有考试,good
老师很有激情,good
给分超级好，上课内容有趣，无作业不点名,good
很有意思,good
都是新传院的老师授课。不点名，给分好，也比较有趣，推荐。,good
课程组授课，挺有趣的。最后是一场开卷考，设计广告和谈谈课程收货,good
没有点过名，课程内容涉及各个方面，老师讲的很好，期末考试给两道题自由发挥（算是开卷吧）很简单，主要看创意,good
几个老师上课，普遍都很有趣,good
是好几个老师合上，没点过名，讲课很有趣，期末考试前需交一份考前作业（比如找两个关于创新的广告），开卷考，给分很好,good
有好几个老师，每个老师上几节，有些很有趣，有些也无聊，最后考核也简单，给分也不错,good
结课做几道题目，与上课内容有关,good
没有点过名，开放性的考试~,good
课上的很糟糕,bad
无点名，期末闭卷开放考试，90+,good
无点名无作业期末开放考试，90+,good
每次课老师不一样。有一次无关痛痒的作业...期末开卷考试，给分不错,good
没有点名，没有作业，只有最后一节课开放性考试。,good
第一次课就会点名，而且只点了这一次,good
不点名，期末论文,good
不考勤，老师很好，考核一篇自己的旅游等的经历,good
没点名，论文结课，老师人很好，展示可以不用交论文，给分好,good
期末一篇论文，课有意思，平时不点名，中间有一次室外课玩游戏,good
给分糟糕，垃圾课程,bad
没点过名，论文写好了就90+,good
每节课介绍一个体育旅游专题，有远足、雪山攀爬、帐篷搭建、自行车等，也会让同学上台展示自己的旅游经历（有加分），课程内容还是挺有趣的。老师偶尔会随机抽院系点名，不过大部分都是一次没点过。中途会有一次类似于团建的课外实践课，期末上交一篇旅游攻略，给分还行。,good
老师讲课一般吧，给分还可以，期末论文,good
会按专业点名（点艺术学院次数不少...）有户外课，最后交论文,good
老师上课超有趣，能给老师留下印象给分会很好,good
上课会介绍一些（极限）运动，有一种“从入门到放弃”，的感觉，有两节课是带我们出去走夜路，一次去走了东湖绿道，那天风很大。还有一次是走了珞珈山，不许开灯不许讲话一个跟一个，有点刺激，建议跟小伙伴一起报。考试交自己出去玩的一次或几次见闻当论文，里面体现出课程内容就行，给了我和同学90分，挺好的。,good
可以的,good
展示应该会有加分，没有平时作业，一定记得参加户外课活动，类似团建，期末自由论文，图文并茂，就有90,good
论文考核，课程大都是一些户外极限运动，可以增长见识，提高户外专业素养，给分不错,good
时不时会按院系点人数，两次户外课，期末自由论文，给分90+。,good
很好过,good
室内室外结合，理论结合实践，也会有组织出游的活动，通过系统地学习会让人整个人的出游体验安排变得合理。期间会有户外社团的报告以及搭线活动，想要出去好好浪的同学不容错过！！,good
一次随堂，一次期末论文,good
一次随堂作业，有户外活动，比较良心，期末论文就行,good
户外课很烦，给分太差,bad
会点名（按院点人数），有两次外出课，有做ppt的机会,good
论文看厚度,good
一般会按照学院点，如果点到好多次不去那就完蛋了，两次户外课都去的话加上论文好好写90+,good
给分还不错。,good
水课必选。从不点名，但是上课其实也还行。期末一千字小论文。给分很好。,good
这个老师讲课非常无聊，打着讲视觉艺术的名号介绍风水，对西方艺术有极大偏见，期末考试是要赏析他自己的画，还鼓励学生靠把赏析他画作的文章放到网站上来加分，总之就是不要选！！！,bad
不点名，上课还好，考试论文无压力，给分很好,good
会讲各种美的东西，很有趣,good
不点名，期末交论文，给分90+,good
论文考核，上课就欣赏电影以及瓷器？？电影有意思的。平均给分较高，但我的不高,good
其实是基础美术审美欣赏课，看了很多电影，其实讲得还可以，最后作业，轻松90+,good
给分特别好从不点名，期末写论文，时间也很充足,good
就去上过两次课。。期末让写一篇“中国传统艺术鉴赏”的论文，照论文打分，88.,good
还行吧，期末论文夸画作，上课一般般，给分很好,good
标题党。。讲的基本不是这个内容。。期末论文要鉴赏老师的画作,bad
老师讲的内容很迷。。不过很水，还可以吧,bad
反正就不用去也行，期末交论文，比较容易,good
给分还行，只是没有想象中的高，老师是讲传统文化和哲学的，结课论文中国古代哲学和夸老师的画二选一，现在想想可能后者给分会更好吧。,good
挺好的一门课！！！,good
一节没去，最后写论文，给分可以,good
课比较枯燥,bad
期末论文，不点名,good
没什么压力，从来不点名，给分也很高。推荐！,good
考核就是写论文，从不点名，没有作业，给分90+。老师的课很有意思，推荐！,good
老师太有趣了，太有才了，给分好，从不点名，,good
最后交论文，讲课有很多关于风水的东西,good
期末写一篇论文，靠转发加分，轻松90+,good
从不点名，老师很有见解，期末一篇论文，轻松90+,good
不点名无平时作业，期末一篇论文就ok,good
作业很简单，也不点名，混学分必备,good
结课论文，点评老师画作,good
老师给分很高，，内容也不错，，期末是一篇论文，主题是赏析他的一幅画,good
非常简单，90+,good
不点名无作业无考试，期末交论文，有时讲风水五行，混学分首选,good
期末交一篇欣赏老师画作的论文，恭维一下老师就OK了，反正我是把老师和杜牧相提并论了。。。90+,good
期末一篇论文，主要是夸老师的画，从来没点名，给分不错，90+,good
一篇论文，没点名，没作业，88分,good
放ppt，，看电影的课，交论文，给分很差劲,bad
无点名，结课一篇鉴赏论文,good
不点名，无作业，期末要写一篇关于老师本人作品的论文，给分不错90+。,good
平时无作业不点名，上课会看一些视频，最后一篇论文，是鉴赏老师画作的，给分好像不错,good
讲课内容挺丰富的。期末写鉴赏老师作品的论文，给分很好90+。良心课~,good
从不点名，期末是写一篇鉴赏老师自己画作的论文，给分较高（本人期末95分，觉得自己写的论文还不错是高分的原因，需要者请电联18075083260）,good
上课从不点名，还会放一些电影或电视剧，没有作业，期末写一篇鉴赏性论文，给分还不错,good
没考勤，讲得还算有意思。交论文就好了，给分很好，上90了,good
老师人超好，期末论文,good
不用去上课，给分太差了，完全乱打分,bad
论文考核,good
很好,good
没点过名，上课放电影或讲一些东西，期末交论文，给分高，85,good
不点名，写论文，85+,good
看电影课，完事抄篇论文,good
一篇论文就OK了，上课很无聊,bad
不点名。没有考试，期末论文2000字以上就能保证80+,good
不点名不签到无平时作业，期末交论文，课程很无聊,bad
只去了听了一次好惭愧。给分不好。,bad
会放电影,good
最后交一篇论文就OK，轻松,good
会经常放视频看，结课的时候交一篇论文就好了。,good
不点名，期末论文,good
要交几篇小论文，最后闭卷考试，但是要考的内容会说，背下来基本上就没问题了，很简单,good
老师课讲的还行，最后闭卷考试会画重点，给分很好,good
没有基础又没有自学能力的人慎选，老师给分很好，关键还得自己努力多敲代码,good
没有c++基础千万不要选，难,bad
非理科还是不要选了，太难了,bad
每节课微助教签到，有时会有课堂检测，三次作业，但是认真学能学到很多，给分也很好,good
每节课都要签到，用微信公众号，考核有三次上机作业和结课程序设计，学的不难，分数跟你每次作业完成的速度跟程度给分，选的话一定要认真学,good
讲的可以，有三次小练习，最后小组展示，有一定的难度，平时需要认真学，至少需要有一些功底,good
考核以项目为主，作业难度不高，还是能学到东西，但是需要自己花时间做项目,good
课程作业非常多上课经常签到……老师很认真负责能学到很多东西，就是略累,good
每次上机写作业，没有期末（大概,good
老师很可爱，讲的也很基础，如果真的想学习C语言建议选专业课或者自学,good
每次课都会有上机作业，当然也可以后补，老师讲课很温柔，讲的也比较细，期末会有一次测验。认真听，是可以学到不少C语言基础知识，收获也是蛮大的，给分也很好，我记得我拿了99分,good
就是每次的上机作业和期末测验~老师会一点点教~也可以抱大腿~只要作业做完了给分就很好,good
老师很好呀,good
总体感觉还不错！,good
每节课都要做小作业，其实不会的话可以找同学帮忙，老师人很好，96分,good
每节课都要上机训练,good
老师人超级无敌好,good
给分贼好,good
有编程作业，考试开卷不难，认真听老师讲就行。给分高,good
老师很好，，很有耐心，，讲课也很清楚，跟着老师走就很简单了，，每次课堂都有作业，，期末交作业，给分很高,good
非常喜欢,good
每次课都有小作业，还会有一两次大作业，太忙了，给分还不好,bad
老师很可爱，真的能学到东西，期末要到了历年原题。。97:),good
平常作业课上给时间做，期末也不难,good
老师极好，强推！,good
老师讲的很好，很耐心，给分很不错，还有加分机会,good
文科生还是不建议选！虽然最后拿了96_(:зゝ∠)_,good
每节课都要上机练习和提交作业，但是认真学可以学到东西,good
老师讲课还是挺认真的，作业可以带回去写，有过几次小测可以翻书，期末考试比较宽，也可以带回去做，给分超赞90+,good
给分很高，平时作业难考试很简单,good
老师讲课有点无聊，但只要认真听，就没事。每节课都会有课下作业，主要是程序设计。,good
每堂课都有小作业，不过可以回宿舍完成，没去也可以问同学作业是什么，不点名，开卷考试，很轻松,good
通过交作业形式考勤，每节课都有小作业，但是确实能学到东西。女老师脾气很好，也很认真负责。,good
在机房上课，每次都有编程作业需要提交，题目非常简单。给分90+,good
老师会很认真回答问题，整个课程很简单,good
老师给分超好，开卷考试,good
老师很认真负责，特别好，给分也巨好,good
平时会有小作业，老师人很好，期末就是平时作业的合集,good
老师特别好,good
每节课都有小任务最后合在一起变成最终任务，照着做就ok,good
大学唯一一门挂掉的课,bad
没好好听课，，，，给分不高,bad
平时会布置一些作业，期末有考试，但如果没有学过乐器并且还不去上课，期末多半要挂,bad
不上课的话，考试可能是过不了的,bad
旷了两次课就跟不上了，最后七十多分,bad
考试可以看任何资料，可以悄悄玩手机,good
有课堂测试，期末笔试可以带笔记,good
偶尔作业，考试是笔试，还是有一定难度的,good
哎，我也不知道吧，感觉期末考试也不难，照着书感觉都挺对的，给分贼低，伤心难过,bad
上课是很有趣的，偶尔会有作业，作业就是考勤。给分的话真的不高~没有乐理基础的慎选,bad
给分低,bad
给分好,good
给分还行吧,good
小组展示加结课论文，给分还行,good
一共点了两三次名，没有作业，有一次课堂小组展示和一片论文，给分比较严格,good
抽查点名，尤其到了第三节课要做一个展示论文结课给分很糟糕,bad
考试开卷，不过得分略低,bad
开卷考试给分好,good
给分不错，考试开卷,good
缺一次考勤十分,bad
期末开卷87~~~,good
考勤，有点坑，专门挑人少或者天气不好的时候。讲课很无聊，考试开卷给PPT抄就行,bad
讲课无聊就不说了，给分也不高,bad
给分好,good
给分很差，喜欢点名,bad
给分83，有平时ppt展示，有开卷考试。就是有点无聊。最后给分有点低。,bad
平时会偶尔点名，有小组展示，期末开卷考，90+,good
有一次课堂PPT展示，期末开卷，难度不大，PPT上都有，给分良心,good
有一次ppt展示，期末考试开卷，内容都是ppt上的，上课略无聊，下课较早,bad
有一次PPT展示，期末考试是开卷，考试内容上课的PPT上基本都有，而且考前一周老师会给一个PPT，里面有重点内容。,good
刚开始教书的老师，大部分课会签到，有一个PPT展示和期末考试，给分很高,good
任务简单给分高,good
讲的很有意思，随机点名，期末论文一定要自己写，给分很好,good
给分超好，课也很好,good
一次小组展示，期末论文,good
随机点名，期末交论文,good
几次点名，期末论文,good
好,good
给分真的很好，但是讲的可能一般,good
小组展示，论文，给分好,good
三次随机点名，期末论文，最后90+,good
老师太认真了,good
两次点名，一次展示一次论文,good
老师人很好，事很少，会需要做展示，论文结课，给分很好,good
老师可好了,good
很多人一组的pre，期末手写论文，给分很好,good
将中国水利史，以及有名的堤坝，比如都江堰，桑基鱼塘的结构,good
一次pre，一次论文最后90+,good
论文，给分还不错，有小组PPT展示,good
小组展示+期末论文，给分90+,good
挺好，就是会有小组展示+几次签到+期末论文好好写90+,good
很不好,bad
有点累,bad
一次小组展示期末一篇论文轻松90+,good
有一次小组pre期末手写论文老师很有想法认真听能学到很多，90+,good
展示+论文，点名,good
老师人很好，上课内容也算比较丰富，有一次小组展示，最后一篇论文,good
老师很好的，脾气好讲的也不错，最后考评方式也很简单，推荐的！,good
老师很负责的！！有一个小组展示，论文结课,good
给分不错，常常点名,good
老师比较重视考勤，期末是小组PPT和论文，给分挺高，认真学会很有意思,good
小组展示+论文，给分比较宽松,good
小组展示，期末论文，有几次点名,good
最后交一篇论文，中间会有小组展示，老师相对比较严格，不过给分还是可以的哦~,good
老师很温柔，小组做了一次ppt，结课交论文，因为ppt做的不是很好，被卡绩了,good
提前两周布置论文题目，一次展示，板书魔性，讲课很有意思，点名一学期好像有四次·····?，，90+,good
每次都点名吧好像，小组有一次PPT展示很水，然后就是期末手写一篇论文，给分超好,good
小组展示，最后手写一篇论文，给分还是很良心的,good
期末前两周布置论文，给分比较好,good
点名＋小组展示＋论文，感觉我们的小组展示不算很精彩，我的论文写的好像也比较烂，但老师还是给了90+。老师很好，很有大师风范～,good
点名很多，要分小组展示，以手写论文结课，给分很好。,good
老师是个很有情怀和人格魅力的知识分子，授课认真，有自己的坚守，虽然经常点名但是是对学生和自己专业的负责,good
老师人很好，讲的很认真。每节课点名。小组作业12人一组，很轻松。最后手写论文，可以有借鉴但必须体现自己的思考。给分很好。,good
经常点名，而且不能代，展示和论文结课，有没到的，给分很差,bad
老师很佛系，如果点名就会全部点。考核方式为小组展示和最后的论文，给分还是很nice的,good
老师超级好，能学到很多东西，讲课特别有趣，考试是篇论文，,good
期末写论文，老师很不错，很有实力,good
论文结课，偶尔点名，有一次小组展示。,good
一次展示，一篇论文，给分不错，老师很好,good
点名蛮多的，但讲的不错,good
期末一篇论文，中间一次小组合作ppt，只要是自己写的给分应该都很好~,good
讲课还行，小组展示，结课论文，老师挺严的,good
老师人很好，给分尚可,good
老师上课讲的很好，分组，有PPT展示，讲得好应该会有加分，期末交一篇论文，给分好,good
感觉点名还是挺多，但是老师很好的，，,good
偶尔点名，小组展示加论文，老师人很棒，被实力圈粉，给分80+，还可以吧,good
嗯，给分挺好，而且老师人挺好的，推荐,good
偶尔随堂点名，期末课堂小组展示，然后写一篇论文，给分很好,good
平时偶尔点名，期末论文结课，给分很好！！,good
给分乱打,bad
给分不行,bad
超级喜欢李可可老师的啊！,good
老师人真的好，很博学，另外人也很有气质。给分也是十分的良心，有机会还会选李老师的课,good
老师讲的很好啊，听得可有趣了，感觉涨了不少知识，，事儿也不多,good
给分超级好，老师讲课也很棒,good
给分挺好，有一次小组展示，最后交一篇论文,good
展示，期末卷子带回去任选主题写，91,good
极好！！！！,good
老师上课不认真,bad
上课很无聊,bad
老师讲的很好，要做展示，期末手写论文，给分不错,good
我是在暑假上的，几乎每次课都会点名，除非是她一激动讲超时就不点，通常都是最后一节课快下课的时候点名。考核方式是小组展示和结课论文，给分还可以。,good
老师很有性格，给分不错,good
除了每节课要点名，老师还是很好的，，最后给分也很好,good
可以学到很多,good
老师人很好，一次分组课堂展示，结课论文，允许请假、可补交交假条，自己写说明情况就可以，允许3次请假，没缺过课基本90+吧,good
老师有气质，给分良心,good
老师绝对良心，给分相当好的，结课小组讲个PPT,good
没意思，只要每次去上课就行，最后开卷论文随便写写,bad
上课很有趣，很喜欢老师，随和亲善，给分90+,good
经常点名，突击式点名，不过老师人蛮好的，给分也不错,good
每节课都点；最后有课堂展示和论文；自认非常认真，每节课都去，论文也好好写了，最后84我也是挺懵逼的说实话，还有个同学74，相信自己的就选吧,good
老师讲的很好，很有学者风骨，喜欢老师,good
老师讲课很认真，可能由于课程内容本身以及老师平实讲课的风格，不会特别吸引人。最后应该是要写一篇论文，印象中平时没有其他作业。论文认真写的话90+。,good
记不大清了，但是老师上课非常好，非常好，非常好，重要的事情说三遍,good
啊，期末论文，然后考勤决定期末很大分数,good
老师很有气质，满满的人文关怀～虽然每节课都点名，但还是很值得选。况且点名方式也不是很严格其实……,good
期末论文，给分不好,bad
上课比较无聊，最后交论文，分数还行，上课点名,good
老师认真负责，有点名，有展示，最后交论文，只要对待认真90+不难的,good
节节课点名签到，如果你有认识的朋友也在上课就可以如果自己一个人最好不要选，老师非常负责但是课比较无聊，最后要交一个手写的论文，我很认真的写了80+呜呜呜呜,good
虽然每节课必点，但老师认真负责，期末给分也很科学,good
每节课必点名，但是给分高,good
每节课必点名，兴致来了还会签退。但是老师很有气质讲的也很好，最后写一篇文章，只要认真写出自己的看法，分还不错，可以90+,good
考勤有点坑,bad
学过德语的毫无压力，一篇小作文自我介绍，期末考试很简单，老师很好,good
老师很可爱~,good
学过德语的很方便，可以直接跟老师说自己学过，不用去上课，最后分数完全靠作文和期末试卷。没有基础的平常听课，把给的范围背了就行，得分在80+,good
好,good
给高分，值得选。,good
是一个研究生小哥哥上课，讲的很棒，最后考试也很良心！,good
中间有一次自我介绍，期末考试完全按卷面给分，真的很低很低！！！还有人挂了的，拉绩点飞起啊！建议有基础或者非常感兴趣的人选，不然还是算了,bad
考试是全德语的试卷。,good
给分很低，70+左右，如果只是为了拉绩点建议别报，她还会挂几个同学，而且老师性格很奇怪，会莫名其妙的发火。,bad
挺好玩的,good
用随堂小测代替签到，最后一篇论文，给分还行,good
每节课变相签到，最后交一篇论文,good
每节课小测试代替点名，结课论文,good
每节课最后都会有随堂测试，是上课讲的东西，变相签到吧，最后期末交一篇论文，每节课都到，83分,good
上课内容确实比较无聊,bad
每节课必有考试，考的都是当次课所讲内容。结课是论文，没有考试,good
我是选的一学分的（2学分会有小组展示）。每节课快下课会有一个问题，需要写在纸上，有时候百度不到需要认真听课，答案多以人名为主，可边上课边记或拍ppt。没有作业，最后交一篇论文。给分还可以，88,good
老师很好，但是不擅长还是不要上了给分一般,good
老师超棒，就是学街舞分组考核，给分90*,good
事多，给分差,bad
事情稍微有点多，坚持下来给分不错,good
有一次小组课堂展示，期末还有一次闭卷考试，考试前老师发背诵资料，大概几页的样子，考试就是默写，记性不好或者懒得花时间背的就算了。。。,good
几次作业，两次点名，期末闭卷考试，事儿有点多，但是给分很好,good
老师人超好的，几次小作业，小组展示加最后期末闭卷，给题库，只要认真背了就能拿高分。,good
闭卷考试，给分可以,good
老师很和蔼幽默，就是有作业闭卷考，不过给出考试范围，提前背一下就可以,good
老师很负责任，讲课内容也很好，就是作业有点多,good
交几篇小作业，最后好好背提前给的期末考试题库就能90+,good
交作业、闭卷考,good
Hahaha上课挺无聊，作业和展示挺简单，期末闭卷考试提前背2个小时资料就行，给分极好！,good
平时布置两三次简单作业，期末闭卷，需要小背，给分很好,good
闭卷考，课堂无聊，但老师挺好，给分不错,good
良心好课,good
只要最后作业用心，老师不吝惜高分，第二门满分的课,good
老师讲课很随性，挺有意思。考核是期末交一篇文章。,good
平时不考勤，最后交一篇论文就可以，形式比较随意，给分也还可以,good
好课，甚至会讲PS主要功能的原理，学到很多东西,good
老师讲得很细致,good
教ps特别好，给分90,good
每节课有小作业，上课认真记步骤轻松完成，期末是综合大作业,good
每节课都会布置作业，但是可以后面再补。感觉这门课的实操性比本人图文设计专业课都强，可以学到Ps的很多基础知识，对以后提高和创作有很大的作用。,good
想学ps的同学一定要选，平时有小作业，期末大作业。能学到很实用的ps技术。90+,good
给分高每堂课有作业,good
老师人很好,good
有点难，但是很有用，老师超级好,good
每节课都有作业，相当于点名了，期末是自己上交一个作品，也挺简单，给分不错,good
非常有干货的一门课，PS入门必须选！作业很多，如果认真听课倒是不难做~给分不错,good
学习PS，还是很有用的，每节课都有作业，但是课上都可以完成，很简单，期末让自己用Photoshop做一张图，给分很好，90+,good
几乎每次都有上机作业，但自己没交几次，给分差,bad
给分挺好，平时不点名，就期末交个自己的小作品，老师看着给分，人挺好的,good
给分不高,bad
挺不错的，平时会有小作业帮助理解学习，，想学PS的同学能学到很多入门知识,good
可以不去上课，但是每节课的作业要做并上交，最后期末一个大作业,good
不點名，但每周都有作業要交。不去上課就無法交作業了。很好的課，學到東西很實用，89.,good
不点名，但是上课可以学到很多ps技术，每次课我都坚持去了，虽然要早起，但是学到的真的很多很实用，每次都有小作业，还有期末大作业，给分90，很满意。,good
很不错,good
深入浅出讲解Photoshop知识，入门必备的一门课。很多干货，给分也很好。,good
老师讲课很系统，给分超级好,good
83？？？我作业有很差吗,bad
没有点过名，老师讲课也很有意思，每节课后有小作业，最后给分是看大作业的，给分不算高吧,good
老师人很不错，经常跟班上的同学约打羽毛球，很温柔的，每次先上理论课，再上机，交作业。有几次没去，期末补交的作业老师也没有说什么，期末没有考试，只有一个大作业。,good
老师超级好！虽然每节课都有作业，但是不用及时交也可以！重点是非常实用！,good
给分很高，不点名但是每次课都有作业，老师是个很有耐心的美女哦,good
上课内容很实用，能学到东西，给分高,good
每周一次理论课+上机课，每次都有课堂作业，老师讲的很细致，授课内容实用，给分很高,good
从不点名，但是每节课都会有课堂练习，不过我缺了几次最后还是有90分，老实说这门课学习PS还是很实用的，所以认真学也不亏，期末交作业的时候给老师留言撒撒娇高分稳稳地！,good
简单，开卷，高分，大家都懂,good
考试简单，给分好,good
不点名，考试简单。,good
老师不点名，平时无作业，最后开卷考试，给分好！,good
不点名，无作业，考试简单,good
老师很不错，不点名，没作业，结课考试是电脑上敲5个小程序，抄在答题纸上，给分好,good
老师人很好，虽然老师自己也说公选课不可能学的很深，最后只要课件上的题目会看到最后考卷上稍微改改就能拿到很好的成绩,good
99分，，只看考试，，巨好,good
开卷，给分好,good
老师人很好，期末开卷,good
只上过四次课,good
期末考试开卷，很简单,good
有编程基础，期末满分,good
平时不点名，作业不用交，期末考试开卷，就是最后成绩。如果认真学挺简单的,good
闭卷考试,good
不点名，期末考试，考试很简单，老师人很好,good
考试开卷，从不点名，题目先给，给分良心,good
不点名，没作业，考试开卷，考平时学的，给分超好,good
认真学，考试超简单，开卷的，就是平时老师发过一次的作业题里面同一种类型的题目。没想到最后出分竟然是100分，哈哈哈哈哈，强烈推荐选这么课，现在想想就觉得开心哈哈哈哈,good
期末考试，完全根据期末考试成绩,good
觉得挺有意思的，会教一些简单的程序，有上机课。最后考试会很简单，不点名。,good
老师人很好，讲课很认真，真的能学到东西，但对于初次接触编程的人而言比较难，最好自己买一本教材，给分很高,good
老师人超好，不点名，可以随便翘，考试很简单，但老师讲的东西是很好的，好好学可以学很多的,good
老师非常好,good
每节课都去了，确实学了一些东西，但考试还是觉得有点难，87,good
老师超好，不点名，没作业，最后开卷,good
老师给分很高，最后一次编程考试5道很简单的小题目,good
这门课就是送分的,good
最后有一场考试，题目都是从老师放在作业系统里的课后作业里出的，如果把这些题都搞懂没什么问题，给分很高。不过文科生学到后来还是有些难的……,good
不点名，如果本来就会的话这个课很简单，不会有没关系，有问题都可以问老师，老师人很好，开卷考，题目会提前大范围给,good
老师超级好啊,good
唉，怎么说呢，拿了88。老师讲的还行，能学到东西，但是想拿高分得下一番功夫。,good
每次课都要交作业，有点赶，也可以最后一起交。不过给分很好,good
给分还行,good
高基础，给分高,good
给分很好！老师人也很可爱！,good
有一个平时作业，写自己家乡的舞龙，一般是期末十个人左右舞龙看动作，给分可以，老师待人也很不错,good
很有趣而且给分良心！,good
给分不错,good
每节课会讲很多access数据库的操作，内容有点多，不过大部分可以在书上找到，讲完后会有几个小问题，当堂交，会有记录，每次课会有作业，在截止时间前做完。期末会有一次综合大作业，是对前面所有作业的综合。老师很温柔，给分真的特别好！,good
每节课都去作业都提交，给分高,good
给分很好~~,good
老师很认真。实验好好做每次课都到就90+,good
还行,good
老师人超好，讲的或许会有些快，要好好听才能跟上，但给分超高!!!!,good
给分高,good
给分差,bad
给分很高,good
老师给分很好，每节课有小作业，期末是大作业,good
每节课都有小测试，算是变相点名，平时有小作业，结课就是小作业汇总，给分超高。,good
给分很高，老师人也很好，,good
每节课都点名，平时有小作业，每次都要上交的那种，然后最后一次课就是把平时做过的小作业汇总成一个大作业上交就行。给分挺好的，但是学的很累，没啥基础的，建议不要选。,good
老师上课很认真，上课质量很高，每节课都会有小作业，期考是综合大作业。,good
每节课小作业点名，作业的话期末可以一起交，需要下点功夫，给分很棒,good
按照老师讲的，期末90+,good
课堂作业，结课大作业，给分良心,good
作业麻烦,bad
每节课点名，有小作业，期末是由前面小作业组成的大作业，老师人很好。,good
老师很好，但作业不认真听讲的话会有点麻烦,good
每节课有小作业，期末是把所有小作业合并，给分挺高的,good
作业都是上课做，最后就是作业汇总没考试,good
给分很良心，老师人非常好。,good
给分不行,bad
每堂课都有随堂作业，最后的考核方式是把所有的课堂作业汇总检查无误上交，最后的成绩也是主要根据这个打分，每节课老师可能会就课堂内容设置三个小问题，不过仔细听都是小问题的～老师人特别好，学完当然可以是一个入门，给分还是蛮好的～,good
不好意思评价，平时基本没去，期末作业是自己折腾出来的，好在给分挺好,good
最后就是一个大作业，没有考试，作业也就是平时每次课的小作业的合集。最重要的是，老师巨负责，教人也巨有耐心，点赞。,good
老师人很好，课讲得不错，内容难度适中。90+轻松,good
没有考试，期末分数按照平时作业打分，不难90+,good
大作业做好就90+,good
老师很好，每次上课都要来，作业做完了签到都到了给分就巨好,good
老师很好很耐心，,good
老师人很亲切，细心，请教地话会手把手教你，最后是提交线上作业，这个需要平时听课才会做,good
老师人超级超级超级好，超级有耐心，不会随时问老师都会解答！给分也极好！,good
课程很不错，老师很细心,good
老师人超好，不懂就问，超耐心，完成每次课堂作业，期末就是整理以前的课堂作业。给分好。,good
每节课都会有小练习，算是变相点名吧，平时会有小作业，期末考核相当于把平时的作业综合一下，平时作业完成得好基本上就相当于没有期末考核了,good
老师很好，很细心，每节课点名，平时小作业，期末大作业，90+,good
老师人很好，手把手教,good
每次上机都要交作业，纸质的几道题算签到，然后小作业要有记录，相当于每次都得去吧。但是大作业就是小作业合辑，所以平时去了期末很轻松。老师给分很好，只要按要求做了普遍95+，毫无基础的也能听懂学到东西。,good
虽然学起来很心累，但给分还是相当不错的,good
给分真的好，老师脾气也特别好,good
给分良心,good
老师人很好，给分也很可观,good
给分很好，上机做作业不会的都会耐心地教,good
给分超级好！对文科生还是有难度的，每节课一个小作业，最后汇总的大作业作为期末成绩。每节课的小作业做不完还可以带回去做，,good
因为是文科生所以是硬着头皮上的access，但是给分90+，重要的是每节课的作业一定要完成好，期末提交大作业的时候要查漏补缺。,good
上课略无聊,bad
老师教的很不错啊，最后的作业就是平时小作业的集合，认真听了就会做,good
我都没怎么上，最后的作业也是随便交的，老师也宅心仁厚地给了87。其实上课还是挺有意思的，老师讲得不错。,good
老师讲的挺好，上机课都有作业。即使没有数据库基础也没关系，老师会很耐心的解答任何问题，特别棒。给分赞。给分看最后一个大作业加平时的小作业。,good
期末就是把平时作业整理一下，不会可以问老师。但是理论课容易犯困←_←每节课都有作业所以不要翘课【容易跟不上(⊙﹏⊙)b,good
老师人太好了，非常耐心，给分高,good
给分很好耶，老师很负责,good
老师很棒,good
边上课边做作业，这些作业汇总到最后就是最终的作业，以此给分。给分很好，基本90+，不会做可直接问老师，老师手把手交，非常温柔和耐心,good
讲的类容主要是access二级教程上的，上课容量很大，要认真听，不要随意翘课不然会落下跟不上；上机课与理论课基本五五开，上机课完成老师布置的作业即可，不会的课可以随时问老师，老师人很好，给人的感觉就是干练，负责，有耐心。,good
期末没有考试，每次上课有小作业，最后汇聚成大作业。给分超高,good
不点名，期末考试简单,good
累死累活。最后只给一次机会跳一段。,good
老师教的很认真，每节课签到，不用花课下时间，每节课只要认真学最后就没啥问题，最后会考一小段，还能锻炼身体，性价比很高的一门公选课！强推，期末96,good
给分很好！老师人也很可爱！,good
有一个平时作业，写自己家乡的舞龙，一般是期末十个人左右舞龙看动作，给分可以，老师待人也很不错,good
很有趣而且给分良心！,good
手写论文,good
一学期大概三次正式点名，用微助教，老师人很好，说上课感兴趣就听，不感兴趣可以做其他事。期末一篇论文，提前布置。中间有一次课堂展示，是加分项。,good
给分不错,good
每节课会讲很多access数据库的操作，内容有点多，不过大部分可以在书上找到，讲完后会有几个小问题，当堂交，会有记录，每次课会有作业，在截止时间前做完。期末会有一次综合大作业，是对前面所有作业的综合。老师很温柔，给分真的特别好！,good
每节课都去作业都提交，给分高,good
给分很好~~,good
老师很认真。实验好好做每次课都到就90+,good
还行,good
老师人超好，讲的或许会有些快，要好好听才能跟上，但给分超高!!!!,good
给分高,good
上课的话。。反正听不懂，不过有小问题当考勤，要注意,bad
给分很高,good
老师给分很好，每节课有小作业，期末是大作业,good
每节课都有小测试，算是变相点名，平时有小作业，结课就是小作业汇总，给分超高。,good
给分很高，老师人也很好，,good
每节课都点名，平时有小作业，每次都要上交的那种，然后最后一次课就是把平时做过的小作业汇总成一个大作业上交就行。给分挺好的，但是学的很累，没啥基础的，建议不要选。,good
老师上课很认真，上课质量很高，每节课都会有小作业，期考是综合大作业。,good
每节课小作业点名，作业的话期末可以一起交，需要下点功夫，给分很棒,good
按照老师讲的，期末90+,good
课堂作业，结课大作业，给分良心,good
作业麻烦,bad
每节课点名，有小作业，期末是由前面小作业组成的大作业，老师人很好。,good
老师很好，但作业不认真听讲的话会有点麻烦,good
每节课有小作业，期末是把所有小作业合并，给分挺高的,good
作业都是上课做，最后就是作业汇总没考试,good
给分很良心，老师人非常好。,good
给分不行,bad
每堂课都有随堂作业，最后的考核方式是把所有的课堂作业汇总检查无误上交，最后的成绩也是主要根据这个打分，每节课老师可能会就课堂内容设置三个小问题，不过仔细听都是小问题的～老师人特别好，学完当然可以是一个入门，给分还是蛮好的～,good
不好意思评价，平时基本没去，期末作业是自己折腾出来的，好在给分挺好,good
最后就是一个大作业，没有考试，作业也就是平时每次课的小作业的合集。最重要的是，老师巨负责，教人也巨有耐心，点赞。,good
老师人很好，课讲得不错，内容难度适中。90+轻松,good
没有考试，期末分数按照平时作业打分，不难90+,good
大作业做好就90+,good
老师很好，每次上课都要来，作业做完了签到都到了给分就巨好,good
老师很好很耐心，,good
老师人很亲切，细心，请教地话会手把手教你，最后是提交线上作业，这个需要平时听课才会做,good
老师人超级超级超级好，超级有耐心，不会随时问老师都会解答！给分也极好！,good
课程很不错，老师很细心,good
老师人超好，不懂就问，超耐心，完成每次课堂作业，期末就是整理以前的课堂作业。给分好。,good
每节课都会有小练习，算是变相点名吧，平时会有小作业，期末考核相当于把平时的作业综合一下，平时作业完成得好基本上就相当于没有期末考核了,good
老师很好，很细心，每节课点名，平时小作业，期末大作业，90+,good
老师人很好，手把手教,good
每次上机都要交作业，纸质的几道题算签到，然后小作业要有记录，相当于每次都得去吧。但是大作业就是小作业合辑，所以平时去了期末很轻松。老师给分很好，只要按要求做了普遍95+，毫无基础的也能听懂学到东西。,good
虽然学起来很心累，但给分还是相当不错的,good
给分真的好，老师脾气也特别好,good
给分良心,good
老师人很好，给分也很可观,good
给分很好，上机做作业不会的都会耐心地教,good
给分超级好！对文科生还是有难度的，每节课一个小作业，最后汇总的大作业作为期末成绩。每节课的小作业做不完还可以带回去做，,good
因为是文科生所以是硬着头皮上的access，但是给分90+，重要的是每节课的作业一定要完成好，期末提交大作业的时候要查漏补缺。,good
上课略无聊，但真的可以学到东西，老师给分很好,good
老师教的很不错啊，最后的作业就是平时小作业的集合，认真听了就会做,good
我都没怎么上，最后的作业也是随便交的，老师也宅心仁厚地给了87。其实上课还是挺有意思的，老师讲得不错。,good
老师讲的挺好，上机课都有作业。即使没有数据库基础也没关系，老师会很耐心的解答任何问题，特别棒。给分赞。给分看最后一个大作业加平时的小作业。,good
期末就是把平时作业整理一下，不会可以问老师。但是理论课容易犯困←_←每节课都有作业所以不要翘课【容易跟不上(⊙﹏⊙)b,good
老师人太好了，非常耐心，给分高,good
给分很好耶，老师很负责,good
老师很棒,good
边上课边做作业，这些作业汇总到最后就是最终的作业，以此给分。给分很好，基本90+，不会做可直接问老师，老师手把手交，非常温柔和耐心,good
讲的类容主要是access二级教程上的，上课容量很大，要认真听，不要随意翘课不然会落下跟不上；上机课与理论课基本五五开，上机课完成老师布置的作业即可，不会的课可以随时问老师，老师人很好，给人的感觉就是干练，负责，有耐心。,good
期末没有考试，每次上课有小作业，最后汇聚成大作业。给分超高,good
好课，甚至会讲PS主要功能的原理，学到很多东西,good
老师讲得很细致,good
教ps特别好，给分90,good
每节课有小作业，上课认真记步骤轻松完成，期末是综合大作业,good
每节课都会布置作业，但是可以后面再补。感觉这门课的实操性比本人图文设计专业课都强，可以学到Ps的很多基础知识，对以后提高和创作有很大的作用。,good
想学ps的同学一定要选，平时有小作业，期末大作业。能学到很实用的ps技术。90+,good
给分高每堂课有作业,good
老师人很好,good
有点难，但是很有用，老师超级好,good
每节课都有作业，相当于点名了，期末是自己上交一个作品，也挺简单，给分不好,bad
非常有干货的一门课，PS入门必须选！作业很多，如果认真听课倒是不难做~给分不错,good
学习PS，还是很有用的，每节课都有作业，但是课上都可以完成，很简单，期末让自己用Photoshop做一张图，给分很好，90+,good
几乎每次都有上机作业，但自己没交,bad
给分挺好，平时不点名，就期末交个自己的小作品，老师看着给分，人挺好的,good
给分不高,bad
挺不错的，平时会有小作业帮助理解学习，，想学PS的同学能学到很多入门知识,good
可以不去上课，但是每节课的作业要做并上交，最后期末一个大作业,good
不點名，但每周都有作業要交。不去上課就無法交作業了。很好的課，學到東西很實用，89.,good
不点名，但是上课可以学到很多ps技术，每次课我都坚持去了，虽然要早起，但是学到的真的很多很实用，每次都有小作业，还有期末大作业，给分90，很满意。,good
很不错,good
深入浅出讲解Photoshop知识，入门必备的一门课。很多干货，给分也很好。,good
老师讲课很系统，给分超级好,good
83？？？我作业有很差吗,bad
没有点过名，老师讲课也很有意思，每节课后有小作业，最后给分是看大作业的，给分高吧,good
老师人很不错，经常跟班上的同学约打羽毛球，很温柔的，每次先上理论课，再上机，交作业。有几次没去，期末补交的作业老师也没有说什么，期末没有考试，只有一个大作业。,good
老师超级好！虽然每节课都有作业，但是不用及时交也可以！重点是非常实用！,good
给分很高，不点名但是每次课都有作业，老师是个很有耐心的美女哦,good
上课内容很实用，能学到东西，给分高,good
每周一次理论课+上机课，每次都有课堂作业，老师讲的很细致，授课内容实用，给分很高,good
从不点名，但是每节课都会有课堂练习，不过我缺了几次最后还是有90分，老实说这门课学习PS还是很实用的，所以认真学也不亏，期末交作业的时候给老师留言撒撒娇高分稳稳地！,good
每节课都有作业，所以有可能拖堂。但是可以学到很多。,good
当堂交上机作业，老师给分超级高，讲的也很棒,good
老师人很好，只要上课认真听讲，按时完成作业，老师给分挺高的，也会学到很多,good
每节课都有课堂作业，题目就是上课讲的，不会的可以问老师，老师很温和很耐心，偶尔会有签到，每次课都去且完成作业，期末90+,good
还行，平时作业都交了就行,good
群里一溜的我何德何能能得那么高的分。只要每次都交随课作业，基本就能90。作业有十次，前6、7次哪怕是小白问一下老师和同学也能很轻松的做出来，后面就涉及到统计学较为深奥的知识还有英文什么的，看的人眼花缭乱，然而只要交作业也会有88，89。,good
每次交作业，老师会手把手交怎么做,good
每次交作业，计平均分，给分较高,good
虽然每节课都考勤（要交课堂作业），但是只有六周，期末交论文+ppt，给分挺好的,good
给分一般，但是也还ok,good
不少内容高中生物课（选修3）讲过,good
每节课后用手机做题，顺便作为签到，期末一篇学习心得，给分很好，最后88,good
卡绩,bad
还不错吧，专业知识不够听得懂但记不住，每节课后用微助教出5道题考作为平时成绩，期末写论文，90+,good
老师讲得很棒，受益很多，每节课一定要到，期末论文就是谈一谈自己的收获和感想,good
微信定位签到，课堂在线小测验，期末论文（自己交到医村或者结课前提前交给老师）。我最后87,good
期末交论文，平时每节课微信定位签到，上完课有课后测试不过不难认真听的话都可以做对，老师讲课很仔细，内容挺多,good
微助教定位签到，，期末论文,good
每节课会通过微助教答题及签到，题目很简单，上课听一下就能全对，期末一篇论文，会换几个老师上课，都挺幽默风趣的,good
每节课都有一份小测验（微助教，约5道选择题），还有签到，占总评30%，不过测试内容只要听讲都能答出来，还可以百度（做完正确答案就出来了，所以可以一人先做，然后互帮互助）。第一二次课没去还可以补签到补测试。最后是交论文。我有90+,good
每节课有课后小测试，用微信，考的就是本节课的内容。每节课不同的人，内容有趣程度也因人而异。,good
内容很不错,good
每次课的老师都不一样，期末考心肺复苏实际操作加线上答卷。,good
讲了不少常见情况的急救措施，对日常生活突发情况还是挺有帮助的。最后给分很迷，一个假人cpr操作考试，一个线上问卷星开卷答题考试，cpr考试我九十多分，最后总评80,good
考试很坑，三组考试给分标准不一样，我们组给分不高，还有一次网上考试,bad
会有实践能力考核（就是cpr），挺让人收获颇多的，不过这学期期末测试改成了在线上用问卷星，给分突然变得迷了起来……,good
呵呵，只想呵呵,bad
考核分两部分，一部分人工呼吸心脏按压的操作考试，一部分期末测试，今年期末测试采取的是问卷星的方式，答得令人绝望，老师设置错了，答题不能有标点，只能用汉字，数字都不行，这是一个问卷设计失误的地方。给分的话，我不知道别人，一个字低，可能跟最后的期末有关吧……,bad
很实用，给分也不错，考核方式是CPR操作和期末论文,good
还可以的,good
有实践操作，最后论文认真写90+,good
很好的一门课，没点名，一次课堂实际操作必须去，去了的基本90+，基本学会了心肺复苏的基础操作,good
期末写论文2000字，心肺复苏操作，90+,good
中途人工呼吸的实践算一次考勤，期末交一篇2000字论文,good
实用性强，给分也不错（论文认真写一下，不瞎编，90+）,good
课很好，做人急救实验老师还会告知需改进的地方。90+,good
很长知识的一门课，而且给分也很好，考试就是ppt内容和心肺复苏操作,good
挺好的,good
无点名期末都ppt上有，开卷，给分很好,good
平时毫无压力，期末闭卷考试，还有给道具做心肺复苏，给分蛮高。讲得知识也挺有用。,good
挺无聊的，老师给分也不高,bad
给力的课,good
老师给了九十八分，给分特别高！！！学到的东西也多，很常识的，也没有什么作业，很赞,good
大赞！！绝对是一门推荐的课，平时两次成绩就是拿模型来做心肺复苏，给分超高！,good
……_(:з」∠)_小短腿在最后的考试喘的哦……,good
业界良心。实用且给分高,good
每节课换一个老师，实用性很强，考试分两块，实验，就是做CPR心肺复苏，还有就是笔试。老师会推荐一本红十字会的书，一定要买，考试的答案不在老师的PPT上，全在那本书上,good
有户外实际逛珞珈山认植物，汪小凡老师超级棒，特别喜欢老师，给分也很不错,good
期末抱大腿，课很好玩，很有趣,good
很好玩的课,good
强烈推荐这门课！！能学到很多知识！老师会带我们在校园里认植物！考试非常简单！,good
考试一百道题，辨认植物。基本都是PPT上面的。,good
我觉得老师一直在介绍各种植物的识别特征，最后考的也是如何识别植物。看每个人的兴趣吧，这些内容不是很合我的口味。,good
最后考试有点痛苦。最好和小伙伴一起选课可以悄咪咪交流答案。植物痴被卡绩点了qaq,good
很好,good
我个人感觉一般，跟预期落差很大，而且考试挺难的,bad
讲的很有意思,good
老师教的很不错，考试需要好好准备,good
就是逛学校。老师超级好！给分很高。好好上课就考试没压力,good
超级棒的公选课，每次课后老师会带大家在校园里认植物，情人坡居然还有何首乌（似乎），期末识图选择正确的植物名，都是ppt上见过的图，挺简单的，全是选择题，考试氛围无比轻松,good
超级棒的一门公选课，有一次作业是拍摄20种植物交图片或者写文档介绍具有特殊性质的植物，作业在考试之前任何时间交都行，每次上课前老师会挑选做得好的4、5份作业展示（有加分）。考试是认植物，选植物名称和所属科目，100道选择题，把PPT多看几遍无压力。平时有很多逛校园的机会，大概上课到11点左右就出去，清明节期间会去珞珈山（有签到，可代签，只加分不扣分）。汪老师人特别好，和蔼又亲切，讲课幽默风趣。最后考试获得最高分的同学还会获得汪老师签名的《神农架植物图谱》一本哦~,good
老师会带着我们去校园里认花花草草，讲课也生动,good
很有趣~,good
基本上没有点到，考试的内容是PPT上面的植物辨认，内容蛮多，但是给分还属不错,good
ppt+论文，上台讲ppt分会更高哦,good
上课经常会带着去外面边走边看一些植物，很有趣，平时作业交一些植物图片就行，考试是老师PPT上的植物，100道选择题，只要认真复习给分还是不错的,good
老师人很好，只有节假日点名，考试是看图选植物名称，给分不错,good
很有趣哦,good
这节课很有意思，老师给分也很大方，期末就一个小测试，非常简单的,good
老师人超级好，讲的也超级好，平时带我们到处转转，最后考试是认植物的种名和属名，只要背一遍PPT就好，中途会有一次点名，老师会提前通知，点名也是只加分不扣分,good
点两到三次名，作业是拍二十张学校里的植物，最好附上名字。作业课上被选上的话可以加分。几乎每次课都会到校园逛逛，认认植物，有一次课会去珞珈山游玩。考试有点难度，要花点时间背植物图片、名称和属于什么科的。,good
會有很多逛學校認植物的室外課，隊伍會很長，落在後面就聽不見了,good
老师会带去武大认植物诶,good
偶尔点名，几乎每节课后都会在校园里认识植物，平时作业交照片到邮箱，可以加分。强烈推荐……,good
平时分底分85，从不点名，有一次作业是收集十几张植物照片，可以是自己拍的，也可以是网上收集的。但是网上收集的得是一个主题的，并且注明网站来源，在考试前发给老师就可以了，做得好的可加分。期末考试看图识别植物的名称，属于哪个种，基本上都是讲课ppt里的。,good
虽然我得分不高，考试真的超简单~~,good
超有意思，给分也高,good
经常是上一节课的样子然后出去认识各种植物，交图片可以加分，考试形式是看图选题，包括植物名称和所属科目。90+。需要书的可以联系我。,good
点名是到了加分没到不扣。作业似乎可交可不交，我们的是拍摄武大植物。期末考试就是PPT里的植物种类，选择题，有一些难度。,good
好玩！涨姿势！户外考察和室内上课结合。,good
很有意思，但是考试挺难的，ppt轮放植物的照片，要在20秒内选出屏幕上的植物的科属和名称..（选择题）,good
有一个分组写论文或者写策划案，然后最后有一个开卷考试，老师很好，讲课风趣，最后90+,good
老师人很好，每堂课交小作业，很简单老师会给详细步骤，期末叫一篇论文一个ppt，老师强调不查重，作业都交了90+,good
每次课都要交作业，有点赶，也可以最后一起交。不过给分很好,good
很不错的课，无点名，考试跳一段,good
有大佬带我..但是我和大佬得分都贼差。,bad
真的很认真跳了，然而老师说太活泼了于是只有83,good
挺好的课，教华尔兹和水兵舞，有兴趣就选吧,good
挺不错的，主要是期末要找个舞伴一起考核,good
给分太低了,bad
有基础可以不上课直接考试哈哈哈哈哈，给分还不错,good
给分可以，就是有点累,good
水上划龙舟，很有意思就是太累了,good
只要每次点名到，动作标准，轻松90+,good
对身体好！，还有就是，划船真好玩！,good
分数设置很不合理，看轻考试论文，过分注重考勤，完全不能翘课,bad
每节课都点名，每节课都到的基本都是90+，能到东湖划船，还是有点意思的，就是有些累（,good
可选择对墙连打60以上或10个正手，10个反手，同其他球类运动一样，需要课下练习,good
考试还行，两道大题没写,bad
好像每节课都会有作业，但是去一两次就行了，给分低，期末考试是上机，有点基础对着书抄就好了。,bad
不点名但是每节课上交作业，所以……课程内容感觉和自己看书自学没太大区别。,bad
平时上机比较多，能学到很多,good
给个差评。考试贼烦，每节课还要交作业。在机房上课，坐后面看不清投影、、,bad
每节课都有小作业在机房才能提交相当于点名了，不过老师给分非常不错,good
每次都要上机交小作业，不过难度很小，一般都是老师上课带着做一遍就OK了,good
期末开卷上机，电脑白痴表示有点难，平时每节课都是上机，都要交作业，所以就是间接点名了。,good
每节课会有作业，相当于点名，主要靠自学,good
每节课交作业，考前最好复习复习,good
老师挺好的,good
每节课都有作业，所以有可能拖堂。但是可以学到很多。,good
当堂交上机作业，老师给分超级高，讲的也很棒,good
老师人很好，只要上课认真听讲，按时完成作业，老师给分挺高的，也会学到很多,good
每节课都有课堂作业，题目就是上课讲的，不会的可以问老师，老师很温和很耐心，偶尔会有签到，每次课都去且完成作业，期末90+,good
还行，平时作业都交了就行,good
群里一溜的我何德何能能得那么高的分。只要每次都交随课作业，基本就能90。作业有十次，前6、7次哪怕是小白问一下老师和同学也能很轻松的做出来，后面就涉及到统计学较为深奥的知识还有英文什么的，看的人眼花缭乱，然而只要交作业也会有88，89。,good
每次交作业，老师会手把手交怎么做,good
每次交作业，计平均分，给分较高,good
能学到一些有用的检索知识，有几次课堂作业和几次签到，期末开卷考试，但个人感觉考试时间比较紧张，差点没答完。老师人很好，给分不错。,good
学到很多东西啊，特别是利用图书馆资源方面。平时有几次小作业，期末是考试，还挺简单的，只要听过课就行。老师人挺好。,good
